fecha,id_proveedor,insumo,cantidad,precio_unitario,total
2023-06-01,PATRACAS,"BOMBA DMC EN HAFA CON ENGRANAJES CEMENTADOS 3"" EJE LIBRE MARCA PATRACAS",1,0,0
2023-06-01,AGUAYO,"TETON REPARACION TENSOR 3 4 7 8 1"" ESP",1,779.21,779.21
2023-06-01,AGUAYO,ARANDELA PERNO BAL MONT AV11,1,110.76,110.76
2023-06-01,AGUAYO,BUJE BAL TEFLON LARGO MONT,1,6980.00,6980.00
2023-06-01,AGUAYO,PERNO BAL 170MM CON TUERCA ALT MONT,1,12804.69,12804.69
2023-06-01,AGUAYO,TETON PREPARACION 90X58X3 4 MANOTA DE CHAPA MONT,1,6656.53,6656.53
2023-06-01,DISTRIBUIDORA DIEZ,TUBO LED 48W INTERLEC,1,5720.00,5720.00
2023-06-01,DISTRIBUIDORA DIEZ,FUSIBLE DE VIDRIO 6X30 3 AMP,1,156.00,156.00
2023-06-01,DISTRIBUIDORA DIEZ,BASE KALOP 2X16+N,1,1430.00,1430.00
2023-06-01,DISTRIBUIDORA DIEZ,FICHA KALOP 2X16+N,1,1289.70,1289.70
2023-06-01,DISTRIBUIDORA DIEZ,TERMICA TETRAPOLAR 40AMP STECK,1,3185.00,3185.00
2023-06-01,DACI,ALLEN C CIL 10X120,1,766.88,766.88
2023-06-01,DACI,"MECHA A R EZETA 8,50MM",1,1547.10,1547.10
2023-06-01,DACI,MACHOS PASO MILIMETRICO CONO 2 Y 3 10X1.50MM,1,1276.94,1276.94
2023-06-01,DACI,RUEDA POLIP GIRAT 40MM COD 167,1,454.41,454.41
2023-06-01,DACI,"INSERTO EXT 12,00 X 1,75 X INT 8,00 X 1,25 X L 12,8",1,282.47,282.47
2023-06-01,LUBRICENTRO RUTA,ACEITE CASTROL 4 T,1,2520.66,2520.66
2023-06-02,DACI,"PATROLL LINEA AMARILLA SEGMENTADO 7"" INTERIOR 22,2MM",1,4028.68,4028.68
2023-06-02,DACI,CRIQUE 6 ERGO 8155A,1,13413.58,13413.58
2023-06-02,DACI,TIZA BLANCA CAJAA 144 UNIDADES,1,1338.88,1338.88
2023-06-02,DACI,"ADAMITE PAPEL PARA JUNTAS ESPESOR 0,4MM (ANCHO 0;80MTS",1,1877.04,1877.04
2023-06-02,DACI,"ADAMITE PAPEL PARA JUNTAS ESPESOR 1;6MM (ANCHO 0,80MTS",1,8613.00,8613.00
2023-06-02,TER,TF DOBLE ZF 16S 1650 NEUM MULT ( ARR: Z15 X AB: C PL.),1,238194.00,238194.00
2023-06-02,TER,EJE PROLONGADOR TF ZF 16S 1650,1,20213.28,20213.28
2023-06-02,PIJUAN,VARIOS VARILLA ROSCADA ZINCADA 3 4,1,2070.00,2070.00
2023-06-02,PIJUAN,VARIOS VARILLA ROSCADA ZINCADA 1 1 4,1,7700.00,7700.00
2023-06-02,PIJUAN,GUANTE CUERO GUANTE SOLDADOR,1,1300.00,1300.00
2023-06-02,PIJUAN,CINTA METRICA EVEL 5 METROS,1,2600.00,2600.00
2023-06-02,PIJUAN,LENTE LIBUS TRANSPARENTE ARGON,1,550.00,550.00
2023-06-02,PIJUAN,LENTE LIBUS OSCURO ARGON,1,550.00,550.00
2023-06-02,TER,TF MB G85 6 NEU MULT P C PLATO,1,113866.56,113866.56
2023-06-02,DACI,FIX TORNILLO P MADERA 5 X 45,1,13.06,13.06
2023-06-02,DACI,TACOS DE NYLON FISCHER S8,1,12.09,12.09
2023-06-02,DACI,PIXOPOL 10 MIN GRIS,1,3351.43,3351.43
2023-06-02,DACI,TUERCA DI ZN 1 USS 8 X UNIDAD,1,303.87,303.87
2023-06-02,DACI,MECHA AC RAO S CORTA RATIFICADA 8.00MM,1,1103.46,1103.46
2023-06-02,DACI,"BROCA DE WILDA VASAGO HEXAGONAL 1 4"" 0 8 X 110",1,588.57,588.57
2023-06-02,DACI,AUTOPERFORANTE 8 X 1 1 2 TANQUE MECHA,1,18.35,18.35
2023-06-05,CONSTRUMUNDO,ARENA C BOLSON 1TN,1,8925.62,8925.62
2023-06-05,CONSTRUMUNDO,PIEDRA PARTIDA C BOLSON 1 TN,1,15371.90,15371.90
2023-06-05,CONSTRUMUNDO,BOLSAS CEMENTO 50KG AVELLANEDA,1,2107.44,2107.44
2023-06-06,STOCCO,"CASQUETE TORIESFERICO 1800 6,3",1,153000.00,153000.00
2023-06-06,TANGLER,UN 30 1999 REFLECTIVO,1,1131.75,1131.75
2023-06-06,TANGLER,UN 33 1267 REFLECTIVO,1,1131.75,1131.75
2023-06-06,TANGLER,UN 30 1268 REFLECTIVO,1,1131.75,1131.75
2023-06-06,TANGLER,UN 30 1202 REFLECTIVO,1,1131.75,1131.75
2023-06-06,TANGLER,UN 33 1264 REFLECTIVO,1,1131.75,1131.75
2023-06-06,TANGLER,NUMEROS DEL 0 AL 10,1,32.70,32.70
2023-06-06,TANGLER,CIRCULO MAX 80,1,538.21,538.21
2023-06-06,CONSTRUMUNDO,ARENA C BOLSON 1TN,1,8925.62,8925.62
2023-06-06,CONSTRUMUNDO,PIEDRA PARTIDA C BOLSON 1 TN,1,15371.90,15371.90
2023-06-06,CONSTRUMUNDO,BOLSAS CEMENTO 50KG AVELLANEDA,1,2107.44,2107.44
2023-06-06,PROVIN,"NIPLES S COSTURA 0 1"" X300MM",1,2987.00,2987.00
2023-06-06,NEW GAS,GAR.10K.YPF GAS,1,1443.00,1443.00
2023-06-06,NEW GAS,APARTAMIENTO II BB,1,602.24,602.24
2023-06-07,BURGOM,CORREA EVER WEAR 8 088,1,5084.16,5084.16
2023-06-07,BURGOM,YUMA 380 TT 1 4,1,649.44,649.44
2023-06-07,BURGOM,MANGA DESCARNE P SOLDADOR,1,2066.40,2066.40
2023-06-07,BURGOM,CORREA EVER WEAR B 060,1,3466.01,3466.01
2023-06-07,BURGOM,CORREA EVER WEAR A 042,1,1758.53,1758.53
2023-06-07,BURGOM,ESPUMA DE POLIURETANO AEROSOL 500ML,1,3883.52,3883.52
2023-06-07,BURGOM,MANGUERA HIDROCARBUROS 13MM 300LBS,1,2166.06,2166.06
2023-06-08,TER,TF MB G330 NEUM MULT C PL EJE 4560,1,107065.00,107065.00
2023-06-08,TER,EJE PROLONGADOR MB G330 C PLACNEW 2019 (207MM) ( 211MM),1,59873.00,59873.00
2023-06-08,DACI,BULON G5 HEX USS 5 8X3 1 2,1,520.19,520.19
2023-06-08,DACI,BULON G5 HEX USS 5 8X4,1,583.13,583.13
2023-06-08,DACI,TUERCA AUTOPERFORANTE 5 8 11USS,1,145.22,145.22
2023-06-12,TODO UNION,"JUEGO UNIONES MANIJA BRONCE 2""1 2",1,1087.00,1087.00
2023-06-12,TODO UNION,"JUEGO UNIONES MANIJA BRONCE 3""",1,14510.00,14510.00
2023-06-12,TODO UNION,"MACHO MANIJA BRONCE 2""1 2",1,6755.00,6755.00
2023-06-12,TODO UNION,"CAMACHO HIERRO 2""1 2",1,14645.00,14645.00
2023-06-12,TODO UNION,"CAMACHO HIERRO 3""",1,16525.00,16525.00
2023-06-12,TODO UNION,MANIJA BRONCE,1,1760.00,1760.00
2023-06-12,DISTRIBUIDORA DIEZ,TERMINAL DE COBRE,1,473.20,473.20
2023-06-12,DISTRIBUIDORA DIEZ,BOLSA DE PRECINTOS SYBYD ALT 2,1,819.00,819.00
2023-06-12,DISTRIBUIDORA DIEZ,BOLSA DE PRECINTOS SYBYD ALT 3,1,1379.30,1379.30
2023-06-12,DISTRIBUIDORA DIEZ,BOLSA DE PRECINTOS SYBYD ALTS NEGRO,1,2483.00,2483.00
2023-06-12,DISTRIBUIDORA DIEZ,90MTS CABLE TIPO TALLER 2X1 MM,1,286.00,286.00
2023-06-12,DISTRIBUIDORA DIEZ,100MTS CABLE TIPO TALLER 3X1MM,1,388.70,388.70
2023-06-12,DISTRIBUIDORA DIEZ,LAMPARA LED 50W SYBYD,1,3380.00,3380.00
2023-06-12,DISTRIBUIDORA DIEZ,LAMPARA LED 12W CALIDAS IDOLER,1,351.00,351.00
2023-06-12,DISTRIBUIDORA DIEZ,PORTALAMPARA CON CHICOTE,1,234.00,234.00
2023-06-12,DISTRIBUIDORA DIEZ,"TERMINAL HOJA 16MM 1 4""",1,273.00,273.00
2023-06-12,DISTRIBUIDORA DIEZ,ADAPTADOR P LAMPARA LED IDOLER,1,780.00,780.00
2023-06-12,DISTRIBUIDORA DIEZ,TERMINAL DE COBRE 4 2MM,1,83.20,83.20
2023-06-12,DACI,ARANDELAS DE SUPLEMENTO 18X26X0.80,1,84.21,84.21
2023-06-12,DACI,TARUGO NT 8,1,16.53,16.53
2023-06-12,DACI,FIX TORNILLO P MADERA 5 X 45,1,16.16,16.16
2023-06-12,DACI,SILOC 8600 X 98 G,1,3356.65,3356.65
2023-06-12,DACI,AUTOPERFORANTE 8 X 1 2 TANQUE MECHA,1,10.68,10.68
2023-06-12,DACI,AUTOPERFORANTE 8 X 3 4 TANQUE MECHA,1,13.46,13.46
2023-06-12,DACI,AUTOPERFORANTE AGUJA 6 X 1,1,5.66,5.66
2023-06-12,NEW GAS,GAR.10K.YPF GAS,1,1443.00,1443.00
2023-06-12,NEW GAS,APARTAMIENTO II BB,1,602.24,602.24
2023-06-12,FERREMAX,SUPLEMENTO 18 X 26 (0.20),1,86.72,86.72
2023-06-13,HIDRONOVA,SOLENOIDE 24 VCC 5W,1,5791.50,5791.50
2023-06-13,HIDRONOVA,ELECTROVALVULA CAMOZZI 5 2 1 4,1,28362.75,28362.75
2023-06-13,HIDRONOVA,FICHA ELECTRICA,1,1891.50,1891.50
2023-06-13,CONSTRUMUNDO,"VIGUETAS 3,60MT",1,3455.51,3455.51
2023-06-13,CONSTRUMUNDO,LADRILLO TECHO TELGOPOR 10CM,1,661.16,661.16
2023-06-13,CONSTRUMUNDO,MALLA 15X15 H 6 DE 2X5M,1,17909.09,17909.09
2023-06-13,CONSTRUMUNDO,ARENA MT3,1,7438.02,7438.02
2023-06-13,CONSTRUMUNDO,PIEDRA PARTIDA 1M3,1,13884.30,13884.30
2023-06-13,CONSTRUMUNDO,BOLSAS CEMENTO 50KG LOMA NEGRA,1,2314.05,2314.05
2023-06-13,CONSTRUMUNDO,HIERRO ALETADO 6MM,1,1446.28,1446.28
2023-06-13,CONSTRUMUNDO,HIERRO ALETADO 10MM,1,3446.28,3446.28
2023-06-13,ROSSI,SN 507 SOPORTE ICO114024C,1,12900.00,12900.00
2023-06-13,COINGAS,"CURVA GALV 1"" 45 HH LATYN",1,1511.92,1511.92
2023-06-14,HIDRONOVA,MANG 3 8 R2 1600MM HG X HG 7 8 JIC,1,10032.00,10032.00
2023-06-14,HIDRONOVA,MANG 3 8 R2 2700MM HG X HG 7 8 JIC,1,13904.00,13904.00
2023-06-14,HIDRONOVA,MANG 3 8 R2 2550MM HG X HG 7 8 JIC,1,13552.00,13552.00
2023-06-14,HIDRONOVA,MANG 3 8 R2 2350MM HG X HG 7 8 JIC,1,12848.00,12848.00
2023-06-14,HIDRONOVA,MANG 3 8 R2 1350MM HG X HG 7 8 JIC,1,9328.00,9328.00
2023-06-14,HIDRONOVA,MANG 3 8 R2 1150MM HG X HG 7 8 JIC,1,8624.00,8624.00
2023-06-14,HIDRONOVA,TEE MF 7 8 JIC,1,7292.00,7292.00
2023-06-14,HIDRONOVA,"ADAPTADOR ""1"" NPT X HF 1"" AS M BSP",1,3912.00,3912.00
2023-06-14,COINGAS,CODO GALV 1 2 90 HH LATYN,1,494.97,494.97
2023-06-14,COINGAS,"CODO GALV 3"" 90S HH DEMA",1,15434.22,15434.22
2023-06-14,COINGAS,CODO GALV 3 4 90 MH LATYN,1,839.92,839.92
2023-06-14,COINGAS,CUPLA C 8 GALV 3 8 DEMA,1,584.97,584.97
2023-06-14,COINGAS,CUPLA C 8 GALV 1 2 LATYN,1,509.97,509.97
2023-06-14,COINGAS,CUPLA C 5 GALV 1 2 LATYN,1,2129.89,2129.89
2023-06-14,COINGAS,TAPON GALV 1 1 4 M LATYN,1,899.92,899.92
2023-06-14,COINGAS,TAPON GALV 1 1 2 M LATYN,1,1244.93,1244.93
2023-06-14,COINGAS,"TAPA GALV 2"" H LATYN",1,2249.87,2249.87
2023-06-14,COINGAS,NIPLE GALV 3 8 X 15CM,1,925.50,925.50
2023-06-14,COINGAS,NIPLE GALV 3 4 X 15CM,1,924.00,924.00
2023-06-14,COINGAS,U.D.C. GALV 3 4 HH LATYN,1,2549.87,2549.87
2023-06-14,COINGAS,"U.D.C. GALV 1"" HH LATYN",1,3149.85,3149.85
2023-06-14,COINGAS,R.C.T. GALV 3 4 LATYN,1,674.97,674.97
2023-06-14,HIDRONOVA,SOPORTE PLASTICO DOBLE PARA MANG 3 8,1,2025.00,2025.00
2023-06-14,HIDRONOVA,CONECT AUTOMAT CODO 90 T6 X R1 8,1,511.97,511.97
2023-06-14,HIDRONOVA,MANGU 3 4 R1 X 800MM HG X HG 1.1 16 JIC,1,10120.00,10120.00
2023-06-14,HIDRONOVA,CAMBIO DE TERMINAL EN MANGUERA HG 9 16 P 3 4 R2,1,3500.00,3500.00
2023-06-14,HIDRONOVA,CAMBIO DE TERMINAL 7 8 JIC PARA MANG 1 2 R1,1,3500.00,3500.00
2023-06-14,HIDRONOVA,ADAPTADOR JIC X NPT 1.1 16 X 3 4,1,1582.00,1582.00
2023-06-14,HIDRONOVA,"ADAPTADOR JIC X NPT 1 3 16 X 1""",1,2920.94,2920.94
2023-06-14,HIDRONOVA,CODO 90 HG JIC X NPT 7 8 X 1 2,1,4547.00,4547.00
2023-06-14,COINGAS,TE GALV 1 1 4 LATYN,1,2699.85,2699.85
2023-06-14,COINGAS,TE GALV 1 1 2 LATYN,1,3824.81,3824.81
2023-06-14,COINGAS,TEFLON 3 4 X 40 MTS ALTA DENSIDAD,1,2594.87,2594.87
2023-06-14,COINGAS,SELLADOR H3 125 CC SALADILLO,1,2774.85,2774.85
2023-06-14,COINGAS,SELLADOR H3 25 CC SALADILLO,1,407.97,407.97
2023-06-14,COINGAS,TEFLON 3 4 X 10 MTS,1,130.20,130.20
2023-06-14,COINGAS,TEFLON 3 4 MTS ALTA DENSIDAD,1,1608.82,1608.82
2023-06-14,COINGAS,CUPLA C B GALV 1 2 LATYN,1,305.98,305.98
2023-06-15,ROSSI,277 X 10 GRS LOCTITE,1,2600.00,2600.00
2023-06-15,HIERROS CASANOVA,TUBOS USO MECANICO 1,1,11387.39,11387.39
2023-06-15,HIERROS CASANOVA,VARIOS CORTE ANGULO,1,33.74,33.74
2023-06-15,LUBRICENTRO RUTA,ACEITE TRANSMISION,1,1404.96,1404.96
2023-06-15,GIANNONI,THINNER HYDRA 501 X 18,1,13932.04,13932.04
2023-06-15,GIANNONI,DILUYENTE P POLI X 18,1,23956.24,23956.24
2023-06-15,GIANNONI,CRISTALBA BRILLANTE X 04,1,5194.20,5194.20
2023-06-15,GIANNONI,PETRILAC TINTA CEDRO X 240,1,2430.01,2430.01
2023-06-15,GIANNONI,HYDRARRAS X 04,1,2975.15,2975.15
2023-06-15,TER,TF FS 6306 A NEUM MULT C PL,1,125780.00,125780.00
2023-06-16,APERAM,"3121 10094 BARRA REDONDA 304 12,00 ""L""",1,11868.00,11868.00
2023-06-16,APERAM,"3141 13352 CCC CON COSTURA 304 12,70 X 1,20 PE ""L""",1,7461.00,7461.00
2023-06-16,APERAM,"3141 13692 CCC CON COSTURA 304 31,75 X 1,20 PEGR400",1,10930.00,10930.00
2023-06-16,APERAM,"0102 23045 CHAPA 304 3,00 1250 X 2500 2B C1 A",1,8420.00,8420.00
2023-06-16,APERAM,"0102 22140 CHAPA 304 1,00 1000 X 2000 2B C1 A",1,8760.00,8760.00
2023-06-22,FERREMAX,ARANDELA PLANA 7 8 ZINC,1,2205.10,2205.10
2023-06-22,DISTRIBUIDORA DIEZ,30 MTS CABLE SOLDADURA 35MM,1,5649.00,5649.00
2023-06-22,GIANNONI,THINNER 501 MULTIPLUS X 200LTS,1,132816.32,132816.32
2023-06-22,GIANNONI,CONVERTIDOR 9013 X 4,1,19798.45,19798.45
2023-06-22,GIANNONI,ESMALTE A POLIU GLOBAL SUR 0100 X 03,1,13906.35,13906.35
2023-06-22,GIANNONI,ZEOCAR MASILLA FORMULA POL X 04,1,6711.22,6711.22
2023-06-23,FERRETERIA INDUSTRIAL MARIOTTO S.R.L.,BARRA CHAVETA CUADRADA 20X12X30,1,4710.74,4710.74
2023-06-23,FABIO,"BULON PULIDO UNC GALV AZUL 1 4 X 3 4""",1,13.14,13.14
2023-06-23,FABIO,"BULON PULIDO UNC GALV.AZUL 5 16X1""",1,23.96,23.96
2023-06-23,FABIO,"TUERCA EXAGONAL LIVIANA UNC NATURAL 5 16""",1,8.74,8.74
2023-06-23,FABIO,"KGR DE ARANDELA PLANA HA GALV AZUL 1 2""",1,2139.00,2139.00
2023-06-23,FABIO,"BULON GRADO 5 UNC DORADO 1 2X1 1 2""",1,103.70,103.70
2023-06-23,FABIO,"TUERCA AUTOFRENANTE UNC GALV AZUL 1 2""",1,54.00,54.00
2023-06-23,FABIO,"KGR DE ARANDELA PLANA HA GALV AZUL 5 16""",1,2507.00,2507.00
2023-06-23,HIERROS CASANOVA,TUBOS USO MECANICO 4,1,58974.65,58974.65
2023-06-23,HIERROS CASANOVA,TUBOS USO MECANICO 3,1,33384.67,33384.67
2023-06-23,HIERROS CASANOVA,TUBOS USO MECANICO 21 2,1,24603.63,24603.63
2023-06-23,HIERROS CASANOVA,TUBOS USO MECANICO 1,1,11615.19,11615.19
2023-06-23,HIERROS CASANOVA,UPN X 6 MTS 80,1,30019.06,30019.06
2023-06-23,HIERROS CASANOVA,PLANCHUELAS 5X1 4,1,24680.07,24680.07
2023-06-23,HIERROS CASANOVA,PLANCHUELAS 1.1 2X1 4,1,5174.43,5174.43
2023-06-23,HIERROS CASANOVA,PLANCHUELAS 1X3 16,1,2755.94,2755.94
2023-06-23,HIERROS CASANOVA,"CA EST RECT 40X20X1,6",1,6684.93,6684.93
2023-06-23,HIERROS CASANOVA,"TYROLIT DISCO SENSITIVO 350X3 , 2X25 ,4",1,2703.16,2703.16
2023-06-23,FERRETERIA MARIOTTO,BARRA CHAVETA CUADRADA 20X12X30,1,4710.74,4710.74
2023-06-26,CONSTRUMUNDO,LAD CERAMICO 12X18X33,1,121.49,121.49
2023-06-26,CONSTRUMUNDO,ARENA MT3,1,7438.02,7438.02
2023-06-26,ULTRACOLOR,DIPROEL DILUY ACRILICO X 200L,1,126480.00,126480.00
2023-06-27,CONSTRUMUNDO,PIEDRA PARTIDA 1M3,1,13884.30,13884.30
2023-06-28,AGUAYO,TETON REPARACION DE FUNDICION SALTO 8 022,1,5517.32,5517.32
2023-06-28,AGUAYO,ARANDELA PERNO BAL SALTO AV19,1,193.83,193.83
2023-06-28,AGUAYO,"PERNO TENSOR 7 8 X 7"" ( 180 MM) 3966",1,2199.44,2199.44
2023-06-28,AGUAYO,TUERCA AUTOF 7 8 SAE 2996,1,963.77,963.77
2023-06-28,2MT,BUL NC 1010 1 4X20X3 4ZCJ1800,1,19575.45,19575.45
2023-06-28,2MT,BUL NC 1010 1 4X20X1 ZCJ1500,1,19324.68,19324.68
2023-06-28,2MT,BUL NC 1010 5 16X18X 3 4ZCJ1200,1,18064.61,18064.61
2023-06-28,2MT,"BUL NC 1010 5 16X18X1,1 2ZC660",1,15422.64,15422.64
2023-06-29,GIANNONI,LIJA AL AGUA AA240,1,156.25,156.25
2023-06-29,NEW GAS,GAR 45K YPF GAS,1,8597.29,8597.29
2023-06-29,NEW GAS,GAR.10K.YPF GAS,1,2045.25,2045.25
2023-06-29,ELECTRO TRAILER,BULON 7 8 X 140 MM ALT NAC,1,1292.99,1292.99
2023-06-29,ELECTRO TRAILER,BULON 7 8 X 160 MM ALT NAC,1,1316.71,1316.71
2023-06-29,ELECTRO TRAILER,BULON 7 8 X 190 MM ALT NAC,1,1406.33,1406.33
2023-06-29,ELECTRO TRAILER,TUE 78 TUERCA 7 8 ALT NAC,1,395.41,395.41
2023-06-30,GIANNONI,GLASURIT CAT RAP 929 91 X 2.5,1,23228.92,23228.92
2023-06-30,HIDRONOVA,"VACUOMETRO 76 CM 4"" ROSCA DE 1 2 INF",1,15840.00,15840.00
2023-06-30,HIDRONOVA,CODO 90 JIC X NPT 7 8 X 1 2,1,4924.00,4924.00
2023-06-30,BURGOM,YUMA 732 RR 732 RT 732 TT,1,1330.76,1330.76
2023-06-30,BURGOM,ADHESIVO DIGOCOL 250 CC.,1,986.21,986.21
2023-06-30,BURGOM,ADHESIVO CIANO CB1 CM1 CM2 CA3 20GS,1,2238.85,2238.85
2023-06-30,BURGOM,CORREA EVER WEAR B 058,1,3510.52,3510.52
2023-06-30,BURGOM,HESKINS 25MM X 6MT NEGRO ANTIDESLIZANTE,1,4206.60,4206.60
2023-06-30,BURGOM,AFLOJA TODO DIAGOCOL X440,1,1049.60,1049.60
2023-06-30,BURGOM,CORREA EVER WEAR B 076,1,4599.61,4599.61
2023-06-30,BURGOM,CORREA EVER WEAR B 054,1,5084.84,5084.84
2023-06-30,BURGOM,CORREA EVER WEAR B 067,1,4056.14,4056.14
2023-06-30,REPICKY,RVM2000 CAVEZAL SOPLADOR RVM2000 AH C PATAS E IZQ G ANT,1,3697500.00,3697500.00
2023-06-30,AVEDIS,ALQUILER DE TUBO (21%),1,75.00,75.00
2023-06-30,AVEDIS,CO2 INDUSTRIAL TUBO,1,375.00,375.00
2023-06-30,AVEDIS,OXIGENO INDUSTRIAL TUBO,1,702.00,702.00
2023-06-30,AVEDIS,ARGON TUBO,1,5859.40,5859.40
2023-08-07,AVEDIS,CO2 INDUSTRIAL TUBO,1,375.00,375.00
2023-07-07,ELECTRO TRAILER,"MCH C MH MANOTA DE CHAPA M.H. CENTRAL ARMADA (C BALANCIN, PERNO Y BUJE) (ALTURA 210MM)ALT NAC",1,75375.97,75375.97
2023-07-07,ELECTRO TRAILER,MACH D TT 210 MH MANOTA DE CHAPA M.H. DELANTERA TREN TRASERO (ALTURA 210MM)ALT NAC,1,25983.94,25983.94
2023-07-07,ELECTRO TRAILER,MANCH T TT 210 MH MANOTA DE CHAPA TRASERA TREN TRASERO (ALTURA 210MM)ALT NAC,1,18903.54,18903.54
2023-07-07,ELECTRO TRAILER,BT 18279 BUJE PARA TENSOR MONTENEGRO (7 8 X 23 X 78)ALT NAC,1,1167.92,1167.92
2023-07-07,ELECTRO TRAILER,20400 PERNO 7 8 X 150 ALT NAC,1,1306.43,1306.43
2023-07-07,ELECTRO TRAILER,TU 78 TUERCA 7 8 ALT NAC,1,385.00,385.00
2023-07-07,HIERROS CASANOVA,CA. EST. RECT. 50X30X2,1,11083.05,11083.05
2023-07-07,DACI,BULON C REDONDA C C SIN TUERCA 8X125,1,137.71,137.71
2023-07-07,DACI,BULON C REDONDA C C SIN TUERCA 6X90,1,62.80,62.80
2023-07-10,GIANNONI,VIRUTA FINA X 0.330,1,7832.40,7832.40
2023-07-10,GIANNONI,VIRUTA GRUESA X 0.330,1,7833.20,7833.20
2023-07-10,RIZZOTTO,"POLEA HA FA 3 CANALES ""A"" 0400 MM",1,67400.00,67400.00
2023-07-11,BAIML,"DELIMITADOR CON RETRORREFLECTOR INCORPORADO COLOR AMBAR CON CONECTOR Y TRABAS PARA ENCASTRE, FUNCION: POSICION Y GIRO LATEREAL",1,2130.01,2130.01
2023-07-11,BAIML,"DELIMITADOR CON RETRO REFLECTOR INCORPORADO COLOR CRISTAL CON SALIDA DE CABLES ENVAINADO ,FUNCION:POSICION DELANTERA",1,1707.04,1707.04
2023-07-11,BAIML,DELIMITADOR CON RETRO REFLECTOR INCORPORADO COLOR ROJO CON SALIDA DE CABLES ENVAINADO FUNCION:POSICION LATERAL O TRASERA,1,1707.04,1707.04
2023-07-11,BAIML,DELIMITADOR CON RETRO REFLECTOR INCORPORADO COLOR VERDE CON SALIDA DE CABLES ENVAINADO,1,1707.04,1707.04
2023-07-11,BAIML,"FARO REDONDO ELECTR. DIAM 4"" CON 30 LEDS, BIVOLTAJE (12 24V) COLOR ROJO POS AMBAR GIRO",1,6508.70,6508.70
2023-07-11,BAIML,"FARO REDONDO ELECTR. DIAM 4"" CON 30 LEDS, BIVOLTAJE (12 24V) COLOR ROJO POS CRISTAL RETROCESO",1,5883.71,5883.71
2023-07-11,BAIML,"FARO REDONDO ELECTR. DIAM 4"" CON 30 LEDS BIVOLTAJE (12 24V) COLOR ROJO POS STOP",1,6408.93,6408.93
2023-07-11,ELECTRO TRAILER,TENSOR FIJO MH 500 MM,1,13775.48,13775.48
2023-07-11,ELECTRO TRAILER,TENSOR FIJO MH 450 MM,1,13775.48,13775.48
2023-07-12,PREGOM,GUARDA FANGO WEBER 2000X380,1,5200.00,5200.00
2023-07-12,PREGOM,GUARDA FANGO WEBER 630X550,1,2880.00,2880.00
2023-07-12,ROSSI,HGF,1,5700.00,5700.00
2023-07-12,ROSSI,MANGUITO 55211 G 2W3,1,3900.00,3900.00
2023-07-12,ROSSI,SOPORTE 2201LC04240136 H,1,13000.00,13000.00
2023-07-13,NEPOTE,POLEA FUND. 4 B 180,1,25400.00,25400.00
2023-07-13,NEPOTE,POLEA FUND. 4 B 200,1,30000.00,30000.00
2023-07-13,CONSTRUMUNDO,BOLSAS CEMENTO 50KG AVELLANEDA,1,2264.46,2264.46
2023-07-13,CONSTRUMUNDO,PALLET,1,5950.41,5950.41
2023-07-13,CONSTRUMUNDO,BOLSAS CAL HIDRAT EXTRA 25KG,1,950.41,950.41
2023-07-13,CONSTRUMUNDO,ARENA MT3,1,7438.02,7438.02
2023-07-13,CONSTRUMUNDO,PIEDRA PARTIDA 1M3,1,13884.30,13884.30
2023-07-14,ACSA,"RDA. M. BENZ 7.5 X 22,5""",1,56341.80,56341.80
2023-07-14,ACSA,VALVULAS TIPO SCHRADER P RUEDA,1,1939.00,1939.00
2023-07-14,AVEDIS,OXIGENO INDUSTRIAL TUBO,1,702.93,702.93
2023-07-14,AVEDIS,CO2 INDUSTRIAL TUBO,1,450.00,450.00
2023-07-15,ROSSI,SOPORTE 2201LC04240136 H,1,13000.00,13000.00
2023-07-16,ROSSI,MANGUITO 55211 G 23,1,2900.00,2900.00
2023-07-17,ROSSI,NTN 3322001LC04181,1,14500.00,14500.00
2023-07-17,ROSSI,CRUZ 104605 G 21,1,4900.00,4900.00
2023-07-17,ROSSI,MANGUITO 22093LC0500069S,1,2500.00,2500.00
2023-07-17,ROSSI,DPI 2201LC04240136 H,1,5700.00,5700.00
2023-07-17,ROSSI,MANGUITO 55211 G 23,1,2900.00,2900.00
2023-07-17,ROSSI,SOPORTE 2201LC04240136 H,1,13000.00,13000.00
2023-07-17,HIDRONOVA,ADAPTADOR JIC X ORING 1.1 16 X 1.1 16,1,1607.05,1607.05
2023-07-17,HIDRONOVA,CODO 90 JIC X ORING 1.1 16,1,7719.36,7719.36
2023-07-17,HIDRONOVA,CODO 90 HG JIC X JIC 1.1 16,1,6655.00,6655.00
2023-07-18,RUBINETTI,FARO 650,1,1500.00,1500.00
2023-07-18,RUBINETTI,FARO 850,1,5980.00,5980.00
2023-07-18,RUBINETTI,FARO 103,1,1350.00,1350.00
2023-07-18,BAIML,"DELIMITADOR CON RETRORREFLECTOR INCORPORADO COLOR AMBAR CON CONECTOR Y TRABAS PARA ENCASTRE, FUNCION: POSICION Y GIRO LATEREAL",1,1917.01,1917.01
2023-07-18,BAIML,"DELIMITADOR CON RETRO REFLECTOR INCORPORADO COLOR CRISTAL CON SALIDA DE CABLES ENVAINADO ,FUNCION:POSICION DELANTERA",1,1536.34,1536.34
2023-07-18,BAIML,DELIMITADOR CON RETRO REFLECTOR INCORPORADO COLOR ROJO CON SALIDA DE CABLES ENVAINADO FUNCION:POSICION LATERAL O TRASERA,1,1536.34,1536.34
2023-07-18,INOXIDABLES PIERRI,"TAPON 1"" AISI 304",1,1255.50,1255.50
2023-07-18,INOXIDABLES PIERRI,"TEE ROSC 1"" AISI 304",1,3348.00,3348.00
2023-07-18,INOXIDABLES PIERRI,"CODO ROSC 1"" AISI 304",1,2176.20,2176.20
2023-07-19,BAIRES,1210 R (1209 K),1,11681.73,11681.73
2023-07-19,BAIRES,1244. (H 309),1,1997.68,1997.68
2023-07-19,BAIRES,3896. (SN 509),1,13832.82,13832.82
2023-07-19,SP ACCESORIOS,CONO BALIZADOR 55 CM,1,3486.31,3486.31
2023-07-19,SP ACCESORIOS,AUTOPERFORANTE 8X1 1 2 TANQUE MECHA,1,20.08,20.08
2023-07-19,SP ACCESORIOS,BULON G5HEX USS 5 8X6,1,880.59,880.59
2023-07-20,SP ACCESORIOS,"BULON DE DISCO 22 X 95MM S TUERCA M, BENZ 301",1,1256.11,1256.11
2023-07-20,AGUAYO,TUERCA DE DISCO RANDDN M. BENZ 308,1,1842.77,1842.77
2023-07-20,AGUAYO,RETEN DE RUEDA BANO ACEITE. SAV 6766 W01184,1,5284.96,5284.96
2023-07-20,DISTRIBUIDORA DIEZ,BOLSA DE PRECINTOS SYBYD ALT 2,1,884.00,884.00
2023-07-20,DISTRIBUIDORA DIEZ,BOLSA DE PRECINTOS SYBYD ALT 3,1,1066.00,1066.00
2023-07-20,DISTRIBUIDORA DIEZ,BOLSA DE PRECINTOS SYBYD ALT 5 NEGRO,1,1690.00,1690.00
2023-07-20,DISTRIBUIDORA DIEZ,CABLE TIPO TALLER 2X1 MM,1,286.00,286.00
2023-07-20,DISTRIBUIDORA DIEZ,LAMPARA FORZA ALIC 55W,1,5447.00,5447.00
2023-07-20,DISTRIBUIDORA DIEZ,ROLLO DE CINTA AISLADORA VINI TAPE X 20 MTS,1,845.00,845.00
2023-07-20,DISTRIBUIDORA DIEZ,LAMPARA LED 12W INTERELEC FRIA,1,351.00,351.00
2023-07-20,DISTRIBUIDORA DIEZ,LAMPARA LED 50W IDOLER,1,2990.00,2990.00
2023-07-22,BURGOM,MANGUERA HIDROCARBUROS 19MM 300LBRS,1,3728.70,3728.70
2023-07-22,BURGOM,CORREA EVER WEAR B 067,1,4318.33,4318.33
2023-07-22,BURGOM,ADHESIVO CIANO CB1 CM1 CM2 CA3 20GS,1,2707.80,2707.80
2023-07-22,BURGOM,"AEROSOL LUBRICANTE AFLOJA TODO ""GRANDE""",1,429.68,429.68
2023-07-22,BURGOM,SELLADOR SILOC 300 GMS NEGRO TRANS BLA PROFESIONAL,1,2528.63,2528.63
2023-07-22,BURGOM,SELLADOR SINTETICO (PINTABLE) 310 GMS SELLA CARROCERIAS,1,3544.45,3544.45
2023-07-22,BURGOM,CORREA EVER WEAR B 058,1,3737.44,3737.44
2023-07-22,BURGOM,CORREA EVER WEAR B 090,1,5800.62,5800.62
2023-07-22,BURGOM,CORREA EVER WEAR A 038,1,1772.96,1772.96
2023-07-22,BURGOM,CORREA EVER WEAR B 059,1,3801.73,3801.73
2023-07-22,BURGOM,CORREA EVER WEAR A 063,1,2940.73,2940.73
2023-07-22,BURGOM,BOMBACHA CAMPO OMBU ALFORZADA,1,10938.80,10938.80
2023-07-22,BURGOM,CORREA EVER WEAR B 053,1,3416.90,3416.90
2023-07-22,BURGOM,CORREA EVER WEAR B 061,1,3930.75,3930.75
2023-07-22,BURGOM,BOTA NAUTICA C CUELLO AMAR AZUL 39 44 960,1,7732.00,7732.00
2023-07-25,DISTRIBUIDORA DIEZ,PLAFON LED SYBYD REDONDO 12 W,1,5980.00,5980.00
2023-07-25,DISTRIBUIDORA DIEZ,DISYUNTOR BIPOLAR 25AMP STECK,1,6760.00,6760.00
2023-07-25,DISTRIBUIDORA DIEZ,TERMICA BIPOLAR 10AMP STECK,1,1625.00,1625.00
2023-07-25,DISTRIBUIDORA DIEZ,TERMICA BIPOLAR 6AMP AEA,1,1690.00,1690.00
2023-07-25,DISTRIBUIDORA DIEZ,CAJA KALOP EXTERIOR,1,819.00,819.00
2023-07-25,DISTRIBUIDORA DIEZ,BASTIDOR EXULT,1,208.00,208.00
2023-07-25,DISTRIBUIDORA DIEZ,TAPA EXULT BLANCA,1,187.20,187.20
2023-07-25,DISTRIBUIDORA DIEZ,MODULO 1 PUNTO EXULT,1,312.00,312.00
2023-07-25,DISTRIBUIDORA DIEZ,TOMA EXULT 1 PUNTO,1,331.50,331.50
2023-07-25,DISTRIBUIDORA DIEZ,TAPON JELUZ,1,49.40,49.40
2023-07-25,DISTRIBUIDORA DIEZ,BASE EXTERIOR 2X10,1,633.10,633.10
2023-07-25,DISTRIBUIDORA DIEZ,LAMPARA LED 15W INTERELEC,1,403.00,403.00
2023-07-25,DISTRIBUIDORA DIEZ,CAJA TABLEPLAST PF083,1,3445.00,3445.00
2023-07-25,DISTRIBUIDORA DIEZ,"ASPIRADOR DE CONDUCTO GALAXIA 4""",1,16900.00,16900.00
2023-07-25,DISTRIBUIDORA DIEZ,PANTALLA DE POLICARBONATO 30CM,1,4940.00,4940.00
2023-07-26,AVEDIS,OXIGENO INDUSTRIAL TUBO,1,702.93,702.93
2023-07-26,AVEDIS,ARGON TUBO,1,5273.46,5273.46
2023-07-26,AVEDIS,CO2 INDUSTRIAL TUBO,1,450.00,450.00
2023-07-31,AVEDIS,ALQUILER DE TUBO (21%),1,75.00,75.00
2023-07-31,NEW GAS,GAR.10K.YPF GAS,1,2126.70,2126.70
2023-08-01,UDOR,POMPA PKC 15 15 S,1,155167.25,155167.25
2023-08-01,UDOR,BOQUILLA 1 4 NPT ACERO 15 035,1,1720.72,1720.72
2023-08-01,UDOR,PIST ML320 G 1 4M 180BAR.25L M,1,4632.71,4632.71
2023-08-01,UDOR,LANCIA 1200P15+SF12X2+U1 4NPTF TZ,1,5672.70,5672.70
2023-08-01,UDOR,"VB35 VALVOLA X:5 Y:53,5",1,28495.87,28495.87
2023-08-01,UDOR,"ENROLLA AUTOM.MANG 1 2"" 15 M ACEITE",1,133497.54,133497.54
2023-08-01,GIANNONI,TRIMAS BASE GRIS CHASIS.ACRIL X 3.5,1,16735.68,16735.68
2023-08-01,GIANNONI,TRIMAS BASE AZUL OCEANO.ACRIL X 3.5,1,17270.46,17270.46
2023-08-01,ARRIOLA,BALDE P ARENA INCENDIO ROTOMOLDEADO,1,6801.68,6801.68
2023-08-01,ITALPREN,"CANO DN 168,3 X 6,4 MM. METROS",1,16820.00,16820.00
2023-08-01,STOCCO,TORIESFERICO 1600,1,153000.00,153000.00
2023-08-01,STOCCO,TORIESFERICO 1700,1,175000.00,175000.00
2023-08-01,STOCCO,TORIESFERICO 1750,1,175000.00,175000.00
2023-08-01,STOCCO,TORIESFERICO 1800,1,203000.00,203000.00
2023-08-01,STOCCO,TORIESFERICO 1900,1,226000.00,226000.00
2023-08-01,STOCCO,TORIESFERICO 2000,1,263000.00,263000.00
2023-08-01,STOCCO,TORIESFERICO 2100,1,297000.00,297000.00
2023-08-01,STOCCO,TORIESFERICO 2200,1,330000.00,330000.00
2023-08-01,PROVIN,"CUPLAS 0 1 2"" SCH40 P SOLDAR",1,418.67,418.67
2023-08-01,ROSSI,RET 8922 LX DBH,1,1500.00,1500.00
2023-08-01,HIZA,TORCHA REPARADAS,1,15100.00,15100.00
2023-08-01,HIZA,PICOS M6 1.2,1,490.00,490.00
2023-08-01,HIZA,PICOS M8 1.2,1,890.00,890.00
2023-08-01,HIZA,VIDRIOS TRANSPARENTES,1,175.00,175.00
2023-08-01,HIZA,VIDRIOS PROTANE 11,1,480.00,480.00
2023-08-01,HIZA,TOBERAS 250,1,1730.00,1730.00
2023-08-01,HIZA,TOBERAS 360,1,3640.00,3640.00
2023-08-01,HIZA,APORTE INOX 308 1.6,1,9950.00,9950.00
2023-08-01,HIZA,SIRGAS 4 MTS.,1,4080.00,4080.00
2023-08-01,HIZA,TUNGSTENOS 2.4,1,1860.00,1860.00
2023-08-01,JORGE CD KOT,POR CERTIFICACION DE CISTERNA GLOBAL SUR STL,1,20600.00,20600.00
2023-08-01,STOCCO,TORIESFERICO 1600 6.3 A.C.,1,169000.00,169000.00
2023-08-01,STOCCO,TORIESFERICO 1700 6.3 A.C.,1,193000.00,193000.00
2023-08-01,STOCCO,TORIESFERICO 1750 6.3 A.C.,1,193000.00,193000.00
2023-08-01,STOCCO,TORIESFERICO 1800 6.3 A.C.,1,224000.00,224000.00
2023-08-01,STOCCO,TORIESFERICO 1900 6.3 A.C.,1,249000.00,249000.00
2023-08-01,STOCCO,TORIESFERICO 2000 6.3 A.C.,1,290000.00,290000.00
2023-08-01,STOCCO,TORIESFERICO 2100 6.3 A.C.,1,327000.00,327000.00
2023-08-01,STOCCO,TORIESFERICO 2200 6.3 A.C.,1,363000.00,363000.00
2023-08-02,TODO UNION,"UNIONES 3""",1,21209.00,21209.00
2023-08-02,TODO UNION,LLAVES SALIDA,1,25650.00,25650.00
2023-08-02,TODO UNION,CAMACHO CON BASE,1,31981.00,31981.00
2023-08-02,TODO UNION,DESCARGA,1,17442.00,17442.00
2023-08-02,TODO UNION,"TAPAS 4""",1,9437.00,9437.00
2023-08-02,TODO UNION,"ROLLOS AMARILLA 3""",1,92650.00,92650.00
2023-08-02,TODO UNION,"ARANDELA 4""",1,2900.00,2900.00
2023-08-02,BAIRES,22213 K,1,43165.44,43165.44
2023-08-02,BAIRES,SN 513,1,25992.00,25992.00
2023-08-02,BAIRES,H 313,1,7410.24,7410.24
2023-08-02,TER,TF ES 6306 A NEUM.MULT C PL.,1,136031.00,136031.00
2023-08-02,TER,TF DOBLE MB G221 N.MULT.AT ALTO TORQUE,1,399432.00,399432.00
2023-08-02,TER,TF DIRECTA P TF 5211 NEUM PL (ABAJO),1,84515.00,84515.00
2023-08-02,TER,TF DIRECTA P TF 5211 NEUM 215 (ARRIBA),1,84524.00,84524.00
2023-08-02,TER,EJE PROLONGADOR MB G221 C PLAC ( 211MM),1,51108.00,51108.00
2023-08-02,TRV,TRV 53 AB,1,1740.00,1740.00
2023-08-02,MICRO,ADCTUADOR 90 D. 83 2E F05 F07,1,64483.79,64483.79
2023-08-02,MICRO,ADCTUADOR 90 D.63 2E F05 F07,1,48889.60,48889.60
2023-08-02,MICRO,ADAPTADOR P ACT . POT. E C 11 A E C 14,1,359.00,359.00
2023-08-02,MICRO,ADAPTADOR 17X14X19,1,469.46,469.46
2023-08-03,HIERROS CASANOVA,TUBOS USO MECANICO 3,1,37542.56,37542.56
2023-08-03,HIERROS CASANOVA,TUBOS USO MECANICO 2 1 2,1,27667.90,27667.90
2023-08-03,HIERROS CASANOVA,TUBOS USO MECANICO 2,1,25608.97,25608.97
2023-08-03,HIERROS CASANOVA,TUBOS USO MECANICO 1,1,13061.97,13061.97
2023-08-03,HIERROS CASANOVA,TUBOS USO MECANICO 4,1,66319.65,66319.65
2023-08-03,HIERROS CASANOVA,ANGULOS 1 . 1 4X3 16,1,7359.92,7359.92
2023-08-03,HIERROS CASANOVA,ANGULOS 7 8X1 8,1,3739.69,3739.69
2023-08-03,HIERROS CASANOVA,TE 7 8X1 8,1,4119.77,4119.77
2023-08-03,HIERROS CASANOVA,"METAL DESPLEGADO 450 30 30 2(1 , 5X3)",1,26269.31,26269.31
2023-08-03,HIERROS CASANOVA,"TYROLIT DISCO SENSITIVO 350X2 , 5X25 ,4",1,2914.98,2914.98
2023-08-03,HIERROS CASANOVA,"CA. EST. RECT. 40X20X1,6",1,7153.16,7153.16
2023-08-03,HIERROS CASANOVA,"CA. EST. RECT. 100X20X1,6",1,14618.42,14618.42
2023-08-03,HIERROS CASANOVA,"CA. EST. RED. 2X1 , 24",1,7521.22,7521.22
2023-08-03,INOXIDABLES PIERRI,"NIPLE 1"" X 100 AISI 316",1,2308.00,2308.00
2023-08-03,INOXIDABLES PIERRI,NIPLES 1 2 100 AISI 316,1,1442.50,1442.50
2023-08-03,INOXIDABLES PIERRI,NIPLES 3 4 100 AISI 316,1,2452.25,2452.25
2023-08-03,INOXIDABLES PIERRI,"1 2 NIPLES 2"" AISI 316",1,3173.50,3173.50
2023-08-03,INOXIDABLES PIERRI,"TAPA 2"" AISI 304",1,2885.00,2885.00
2023-08-03,UDOR,VALV BY PASS U251,1,22201.81,22201.81
2023-08-03,HIERROS CASANOVA,UPN X 6 MTS 80,1,33439.64,33439.64
2023-08-03,HIERROS CASANOVA,IPN X 6MTS 80,1,22706.54,22706.54
2023-08-03,HIERROS CASANOVA,PLANCHUELAS 5X1 4,1,27492.39,27492.39
2023-08-03,HIERROS CASANOVA,PLANCHUELAS 1 . 1 2X1 4,1,5764.11,5764.11
2023-08-03,HIERROS CASANOVA,PLANCHUELAS 3 4X1 4,1,3233.14,3233.14
2023-08-03,HIERROS CASANOVA,PLANCHUELAS 1X3 16,1,3070.01,3070.01
2023-08-03,HIERROS CASANOVA,REDONDOS 3 4,1,6588.03,6588.03
2023-08-03,HIERROS CASANOVA,REDONDOS 1 2,1,3159.09,3159.09
2023-08-03,HIERROS CASANOVA,REDONDOS 3 8,1,2318.98,2318.98
2023-08-03,HIERROS CASANOVA,REDONDOS 5 16,1,1351.22,1351.22
2023-08-03,HIERROS CASANOVA,REDONDOS 1 4,1,884.12,884.12
2023-08-03,HIERROS CASANOVA,CUADRADOS 5 8,1,6770.15,6770.15
2023-08-03,HIERROS CASANOVA,CUADRADOS 1 2,1,4011.08,4011.08
2023-08-03,HIERROS CASANOVA,"CA. EST. RED. 5 8X1 ,6",1,2824.35,2824.35
2023-08-03,HIERROS CASANOVA,"CA. EST. RED. 1 2X1,6",1,2330.45,2330.45
2023-08-03,HIERROS CASANOVA,"CA. EST. RED. 1X1,6",1,4665.00,4665.00
2023-08-04,DI GILIO,KIT ABS 2S2M,1,28860.00,28860.00
2023-08-04,DI GILIO,"SENSOR ABS 90"" 1MT + CLIP",1,11700.00,11700.00
2023-08-04,DI GILIO,CORONA 176MM,1,8927.10,8927.10
2023-08-04,DI GILIO,VALVULA PREV,1,72150.00,72150.00
2023-08-04,DI GILIO,KIT CONEX. DESC. RAP 2 VIAS FORD,1,26789.10,26789.10
2023-08-04,DI GILIO,SPRING 30 30 303MM ROSCA 3 8,1,16087.50,16087.50
2023-08-04,DI GILIO,KIT CONEXIONES SPRING X EJE,1,7608.90,7608.90
2023-08-04,DI GILIO,TANQUE DE AIRE 75L CON SOPORTE,1,63293.10,63293.10
2023-08-04,DI GILIO,KIT CONEXIOES TANQUE DE 75 L,1,9687.60,9687.60
2023-08-04,DI GILIO,KIT A A U TBA 28D EUROBRAKE,1,31714.80,31714.80
2023-08-04,DI GILIO,TUBO POLIAMIDA 12 X 9 NEGRO,1,300.30,300.30
2023-08-04,DI GILIO,TUBO POLIAMIDA 16 X 12 NEGRO,1,479.70,479.70
2023-08-04,DI GILIO,TUBO POLIAMIDA 8 X 6 NEGRO,1,120.90,120.90
2023-08-04,DI GILIO,CORONA 176 MM,1,8927.00,8927.00
2023-08-04,DI GILIO,VALVULA DESC RAP Y 2 VIAS P FORD,1,26789.10,26789.10
2023-08-04,DI GILIO,KIT CONEXIONES TANQUE 75L,1,9687.60,9687.60
2023-08-04,VAL ARG,"VALVULAS ESF. PT BRONCE CROMADO PTFE 1 2""",1,1850.76,1850.76
2023-08-04,VAL ARG,"VALVULAS ESF. PT BRONCE CROMADO PTFE 3 4""",1,2662.65,2662.65
2023-08-04,VAL ARG,"VALVULAS ESF. PT BRONCE CROMADO PTFE 1""",1,4493.04,4493.04
2023-08-04,VAL ARG,"VALVULAS ESF. BRONCE PASO TOTAL 2""",1,14823.54,14823.54
2023-08-07,AGUA PARICE,BIDONES DE AGUA,1,665.00,665.00
2023-08-08,TORMECAN,ENGANCHE NO3 FIAT COMPLETO,1,231979.59,231979.59
2023-08-08,TORMECAN,GANCHO CADENERO DE CHAPA (JGO),1,12190.86,12190.86
2023-08-08,INOXIDABLES PIERRI,"CODOS ROSC 1"" AISI 304",1,2637.00,2637.00
2023-08-08,INOXIDABLES PIERRI,"TAPONES 1"" AISI 316",1,1465.00,1465.00
2023-08-08,INOXIDABLES PIERRI,"TEE ROSC 1"" AISI 316",1,3955.50,3955.50
2023-08-08,INDUSELL,MOTOR TRIF WEG 5.5 HP 1500 RPM IMB3 IP55 C112M A 13985922,1,188483.40,188483.40
2023-08-08,GIANNONI,GLASURIT COLOR 22 X 01,1,12096.00,12096.00
2023-08-08,GIANNONI,ENVASE X 1 (72),1,243.00,243.00
2023-08-08,GIANNONI,ESMALTE A POLIU. GRIS VISON 0100 X 03,1,17052.00,17052.00
2023-08-08,GIANNONI,CONVERTIDOR 9013 X 1,1,6434.76,6434.76
2023-08-08,GIANNONI,GLASURIT CAT. RAP. 929 91 X 0.500,1,6284.79,6284.79
2023-08-08,GIANNONI,KIT PARCHE X 10000,1,5332.60,5332.60
2023-08-08,GIANNONI,ESTOPA BLANCA X 05,1,2568.60,2568.60
2023-08-08,GIANNONI,VIRUTA FINA X 0.330,1,900.72,900.72
2023-08-08,GIANNONI,VIRUTA MEDIANA X 0.330,1,900.82,900.82
2023-08-09,ACSA,"8.25 X 22,5 10AG PHASE IV",1,59799.60,59799.60
2023-08-09,ACSA,VALVULAS TIPO SCHRADER P RUEDA,1,2058.00,2058.00
2023-08-09,VALVULAS ESTEBAN,"CODO 90"" PLASTICO 8 X 1 4",1,413.48,413.48
2023-08-09,VALVULAS ESTEBAN,CONECTOR RECTO PLASTICO 6MM X 1 4,1,318.93,318.93
2023-08-09,VALVULAS ESTEBAN,CONECTOR RECTO PLASTICO 6MM X 1 8,1,283.86,283.86
2023-08-09,VALVULAS ESTEBAN,"CODO 90"" PLASTICO 8 X 1 8",1,413.48,413.48
2023-08-09,VALVULAS ESTEBAN,CONECTOR RECTO PLASTICO 8MM X 1 8,1,312.57,312.57
2023-08-09,VALVULAS ESTEBAN,UNION DOBLE RECTA PASTICA TUBO 1 4,1,406.10,406.10
2023-08-09,VALVULAS ESTEBAN,REGULADOR 1 4,1,9532.84,9532.84
2023-08-09,GIANNONI,CINTA DOBLE A N 988 18 X 50,1,550.00,550.00
2023-08-09,GIANNONI,S.W KIT PRIMER Y ENDURECEDOR POLI P 710,1,3743.98,3743.98
2023-08-09,GIANNONI,LACA NITRO SEMI MATE NEGRO X 01,1,3361.27,3361.27
2023-08-09,GIANNONI,THINNER HYDRA ORO X 4,1,4142.82,4142.82
2023-08-09,VALVULAS ESTEBAN,UNION DOBLE AJUSTE TUBO 8,1,566.22,566.22
2023-08-09,VALVULAS ESTEBAN,TUERCA AJUSTE TUBO 8 (X10),1,2997.97,2997.97
2023-08-09,VALVULAS ESTEBAN,BUJE DE REDUCCION (ACERO) 3 8 X 1 4,1,340.66,340.66
2023-08-09,VALVULAS ESTEBAN,"CONJUNTO FRENO CAMION 1 2 PA6 C CONE.4,50MT",1,17712.03,17712.03
2023-08-09,VALVULAS ESTEBAN,VIROLA 6MM(X50),1,3685.06,3685.06
2023-08-09,VALVULAS ESTEBAN,VIROLA 8MM(X50),1,4535.41,4535.41
2023-08-09,AVEDIS,OXIGENO INDUSTRIAL TUBO,1,702.93,702.93
2023-08-09,AVEDIS,CO2 INDUSTRIAL TUBO,1,450.00,450.00
2023-08-10,CARBALLO,ACORTAR CARDAN,1,20000.00,20000.00
2023-08-10,CARBALLO,2 CRUCETAS 5 160,1,49621.78,49621.78
2023-08-10,CARBALLO,"CONJUNTO EMBRAGUE, PLACA Y DISCO SIN REC DE VOLANTE",1,68000.00,68000.00
2023-08-10,CARBALLO,JUNTA SEGURO RODILLO DE DIRECT,1,8000.00,8000.00
2023-08-10,CARBALLO,RETEN,1,2200.00,2200.00
2023-08-10,CARBALLO,BOLILLAS DE HORQUILLAS,1,800.00,800.00
2023-08-10,CARBALLO,GRAPODINA DE EMBRAGUE,1,15400.00,15400.00
2023-08-10,CARBALLO,RULEMAN 403635,1,19800.00,19800.00
2023-08-10,CARBALLO,RULEMAN 62,1,24200.00,24200.00
2023-08-10,CARBALLO,RULEMAN 403637,1,11000.00,11000.00
2023-08-10,CARBALLO,RULEMAN 403638,1,15400.00,15400.00
2023-08-10,DICA,"ACOPLE DNM 4"" ALUMINIO ( NACIONALES )",1,17718.56,17718.56
2023-08-10,DICA,"ACOPLE DNM 3"" ALUMINIO ( NACIONALES )",1,9099.04,9099.04
2023-08-10,DICA,"ACOPLE DNM 2 1 2"" ALUMINIO ( NACIONALES )",1,11307.20,11307.20
2023-08-10,DICA,"ACOPLE DTH 3"" ALUMINIO ( NACIONALES )",1,15948.48,15948.48
2023-08-10,DICA,"ACOPLE DCE 4"" ALUMINIO ( NACIONALES )",1,26284.80,26284.80
2023-08-10,DICA,"ACOPLE DCE 3"" ALUMINIO ( NACIONALES )",1,19453.12,19453.12
2023-08-10,DICA,"ACOPLE DCE 2 1 2"" ALUMINIO ( NACIONALES )",1,16570.08,16570.08
2023-08-10,DICA,"ACOPLE DCE 2"" ALUMINIO ( NACIONALES )",1,9649.60,9649.60
2023-08-10,CONSTRUMUNDO,BOLSAS CEMENTO 50KG AVELLANEDA,1,2355.37,2355.37
2023-08-10,CONSTRUMUNDO,ARENA MT3,1,8016.53,8016.53
2023-08-10,CONSTRUMUNDO,PIEDRA PARTIDA 1M3,1,14876.03,14876.03
2023-08-10,CONSTRUMUNDO,MALLA 15X15 H 6 DE 2X5M,1,18983.47,18983.47
2023-08-10,STOCCO,TORIESFERICO 1750,1,175000.00,175000.00
2023-08-10,KORMAT,VALV MARIPOSA WAFER 100 PAL,1,43364.00,43364.00
2023-08-10,DISTRIBUIDORA DIEZ,TERMICA TRIPOLAR 25A STECK,1,3120.00,3120.00
2023-08-10,DISTRIBUIDORA DIEZ,LAMPARA LED 50W IDOLER,1,2574.00,2574.00
2023-08-10,DISTRIBUIDORA DIEZ,LLAVE ELIBET INVERSORA C CAJA 32A COD.32302 0,1,15600.00,15600.00
2023-08-10,DISTRIBUIDORA DIEZ,ADAPTADOR P LAMPARA 50W,1,598.00,598.00
2023-08-10,DISTRIBUIDORA DIEZ,FICHA STECK N 5276 32 AMP,1,4030.00,4030.00
2023-08-10,BARRIOS CURBELO SANDRA JANET,CHAPA ALUMINIO 1000 X 2000 X 2 MM ESPESOR,1,37190.08,37190.08
2023-08-10,KORMAT,VALV MARIPOSA WAFER 150 PAL,1,72371.00,72371.00
2023-08-10,STOCCO,"CASQUETE TORIESFERICO 1750 6,3",1,175000.00,175000.00
2023-08-11,VALVULAS ESTEBAN,"ADAP. MACHO ROSCA MACHO 4""",1,10762.42,10762.42
2023-08-11,VALVULAS ESTEBAN,"ADAP. MACHO ROSCA MACHO 3""",1,6695.30,6695.30
2023-08-11,VALVULAS ESTEBAN,"ADAP. MACHO ROSCA MACHO 2 1 2""",1,4959.99,4959.99
2023-08-11,VALVULAS ESTEBAN,"ADAP. MACHO ROSCA MACHO 2""",1,3930.44,3930.44
2023-08-11,VALVULAS ESTEBAN,"TAPA 3""",1,8215.44,8215.44
2023-08-11,VALVULAS ESTEBAN,"CUPLA HEMBRA MANGUERA 4""",1,16115.47,16115.47
2023-08-11,VALVULAS ESTEBAN,"CUPLA HEMBRA MANGUERA 2""",1,6702.00,6702.00
2023-08-11,CONSTRUMUNDO,BOLSAS CAL CACIQUE MAX 30KG,1,1528.93,1528.93
2023-08-11,SANITARIOS ADRIANA,BUJE 3 X 2 1 2 GALVANIZADO,1,6592.00,6592.00
2023-08-11,CONSTRUMUNDO,ALAMBRE DE FARDO POR KG,1,1115.70,1115.70
2023-08-14,TORMECAN,MESA PLATO CORRUGADA 40 ALT.,1,74170.37,74170.37
2023-08-14,TORMECAN,MESA PLATO CORRUGADA 100 ALT.,1,106324.15,106324.15
2023-08-14,ZALOZE,"RED CON SCH 40 6 X 4""",1,24912.81,24912.81
2023-08-14,ZALOZE,"RED CON SCH 40 4 X 3""",1,9065.44,9065.44
2023-08-14,ZALOZE,"RED CON SCH 40 4 X 2 1 2""",1,10029.60,10029.60
2023-08-14,ZALOZE,"C.R.LARGO SCH 40 6""",1,34518.54,34518.54
2023-08-14,ZALOZE,"C.R.LARGO 90"" SCH 40 3""",1,6175.96,6175.96
2023-08-14,ZALOZE,"C.R.LARGO 90O SCH 40 2 1 2""",1,5104.35,5104.35
2023-08-14,COINGAS,"BUJE RED. GALVANIZADO 3"" X 2 1 2 DEMA",1,5642.73,5642.73
2023-08-16,GEC,DCOFQP T1890 L600 PAB0O GRASA TC PT ABS,1,595805.00,595805.00
2023-08-16,GEC,DCOFQP T1890 LA520 CSTD GRASA PT TA ABS,1,595805.00,595805.00
2023-08-16,MARBY,6.35 X 1500 X 7000 (*),1,702.80,702.80
2023-08-16,MARBY,3.20 X 1500 X 6000,1,702.80,702.80
2023-08-16,MARBY,4.80 X 1500 X 6000,1,695.45,695.45
2023-08-16,MARBY,1.60 X 1220 X 2440,1,844.55,844.55
2023-08-17,ONISZCZUK ALBERTO,VALVULA DE RETENCION 1 4,1,8000.00,8000.00
2023-08-17,AVEDIS,OXIGENO INDUSTRIAL TUBO,1,702.93,702.93
2023-08-17,AVEDIS,ARGON TUBO,1,5859.40,5859.40
2023-08-17,AVEDIS,CO2 INDUSTRIAL TUBO,1,450.00,450.00
2023-08-18,APERAM,"0102 23045 CHAPA 304 3,00 1250 X 2500 2B C1 A",1,3322.40,3322.40
2023-08-18,HIERROTAN,FONDO TORIESFERICO DIAM. 450 X 1 8,1,87720.00,87720.00
2023-08-22,ULTRACOLOR,ALBAMIX 4590020 CONV FDO EPO X 4L,1,10300.00,10300.00
2023-08-22,ELECTRO TRAILER,PLACA TEFLON PARA PLATO DE ENGANCHE JOST CON KIT DE INSTALACION,1,26720.93,26720.93
2023-08-22,BAIRES,RETEN 5432 DBH,1,610.38,610.38
2023-08-22,NEW GAS,GAR.10K.YPF GAS,1,2217.19,2217.19
2023-08-22,DALIS,BR LASER TN 660 2320,1,11314.05,11314.05
2023-08-23,FABIO,"TUERCA EXAGONAL LIVIANA UNC NATURAL 5 16""",1,11.04,11.04
2023-08-23,FABIO,"BULON GRADO 5 UNC DORADO 5 8X1 1 2""",1,267.33,267.33
2023-08-23,FABIO,"BULON GRADO 5 UNC DORADO 5 8X5""",1,687.66,687.66
2023-08-23,CONSTRUMUNDO,CEMENTO AVELLANEDA,1,3280.00,3280.00
2023-08-23,CONSTRUMUNDO,CAL HIDRAT EXTRA 25KG,1,1380.00,1380.00
2023-08-23,CONSTRUMUNDO,CAL CACIQUE MAX 30KG,1,2130.00,2130.00
2023-08-23,CONSTRUMUNDO,HIDRALIT,1,2400.00,2400.00
2023-08-23,CONSTRUMUNDO,CAL MILAGRO,1,4400.00,4400.00
2023-08-23,CONSTRUMUNDO,PEG IMPER BORGONA 30KG,1,3180.00,3180.00
2023-08-23,CONSTRUMUNDO,HIDROFUGO HOMERO X10 KG,1,4480.00,4480.00
2023-08-23,CONSTRUMUNDO,LADRILLO CORDOBA,1,88.00,88.00
2023-08-23,CONSTRUMUNDO,LADRILLO COMUN,1,50.00,50.00
2023-08-23,CONSTRUMUNDO,LADRILLO MAR DEL PLATA,1,80.00,80.00
2023-08-23,CONSTRUMUNDO,LADRILLO HUECO 8X8X33,1,170.00,170.00
2023-08-23,CONSTRUMUNDO,LADRILLO HUECO 12X18X33 (9AUJ.),1,200.00,200.00
2023-08-23,CONSTRUMUNDO,LADRILLO HUECO 18X18X33,1,323.00,323.00
2023-08-23,CONSTRUMUNDO,BLOQUE CEMENTO 13X19X39,1,343.00,343.00
2023-08-23,CONSTRUMUNDO,"HIERRO DEL 4,2",1,1560.00,1560.00
2023-08-23,CONSTRUMUNDO,HIERRO DEL 6,1,2400.00,2400.00
2023-08-23,CONSTRUMUNDO,HIERRO DEL 8,1,4200.00,4200.00
2023-08-23,CONSTRUMUNDO,HIERRO DEL 10,1,6500.00,6500.00
2023-08-23,CONSTRUMUNDO,HIERRO DEL 12,1,9500.00,9500.00
2023-08-23,CONSTRUMUNDO,KG ALAMBRE FARDO,1,1500.00,1500.00
2023-08-23,CONSTRUMUNDO,KG CLAVOS PUNTA PARIS,1,1700.00,1700.00
2023-08-23,CONSTRUMUNDO,MTS DE ARENA,1,12500.00,12500.00
2023-08-23,CONSTRUMUNDO,MTS DE PIEDRA,1,21000.00,21000.00
2023-08-23,CONSTRUMUNDO,MTS DE CASCOTE PICADO,1,7000.00,7000.00
2023-08-23,CONSTRUMUNDO,MTS DE GRANZA,1,10000.00,10000.00
2023-08-23,CONSTRUMUNDO,CHASIS DE TOSCA (8 MTS),1,29600.00,29600.00
2023-08-23,CONSTRUMUNDO,CONCHILLA (MTS),1,10900.00,10900.00
2023-08-23,CONSTRUMUNDO,YESO TUYANGO X 30 KG,1,4900.00,4900.00
2023-08-23,CONSTRUMUNDO,HORMIGON H21,1,46000.00,46000.00
2023-08-23,CONSTRUMUNDO,"VIGAS 4,20 MT",1,7641.79,7641.79
2023-08-23,CONSTRUMUNDO,LADRILLOS DE TERGOPOR,1,1120.00,1120.00
2023-08-23,CONSTRUMUNDO,"MALLA 15X15 2X5M HIERRO 4,2",1,10900.00,10900.00
2023-08-23,CONSTRUMUNDO,"MALLA 15X15 2X5M HIERRO 5,3",1,25600.00,25600.00
2023-08-23,ROSSI,601 X 10 GRS LOCTITE,1,3900.00,3900.00
2023-08-23,ROSSI,277 X 10 GRS LOCTITE,1,3900.00,3900.00
2023-08-23,DACI,MECHA A R EZETA 14.00MM,1,11405.36,11405.36
2023-08-24,TER,TF DOBLE ZF 16S 151 NEUM MULT ( ARR: Z15 X AB: C PL.),1,360019.00,360019.00
2023-08-24,TER,EJE PROLONGADOR TF ZF 16S 151 (ZF 16S 2225),1,30551.00,30551.00
2023-08-24,TER,TF FS 6306 A NEUM MULT C P1 6406 B,1,164597.00,164597.00
2023-08-24,VALVULAS ESTEBAN,ACOPLE RAPIDO 1 4 S PERNO RCA. H 1 4,1,1510.22,1510.22
2023-08-24,VALVULAS ESTEBAN,PERNO ENCHUFE 1 4 X MANG 3 8,1,432.11,432.11
2023-08-24,VALVULAS ESTEBAN,RACORD ACERO MANG 3 8 X 1 4M (X10),1,2607.18,2607.18
2023-08-24,VALVULAS ESTEBAN,PERNO ENCHUFE 1 4 X 1 4 MACHO (X10),1,2737.80,2737.80
2023-08-24,VALVULAS ESTEBAN,VALVULA RETENCION NEUM. 1 8,1,3631.68,3631.68
2023-08-24,VALVULAS ESTEBAN,VALVULA RETENCION NEUM. 1 4,1,3631.68,3631.68
2023-08-24,VALVULAS ESTEBAN,CODO 90 PLASTICO 6 X 1 8,1,429.48,429.48
2023-08-24,VALVULAS ESTEBAN,CODO 90 PLASTICO 8 X 1 8,1,522.85,522.85
2023-08-24,TANGLER,UN REFLECTIVO DOBLE,1,2119.90,2119.90
2023-08-24,MATAFUEGOS EZEIZA,MATAFUEGOS ABC X 10 KGS,1,50500.00,50500.00
2023-08-24,TER,TF MB G3 60 NEUM MULT C PLATO,1,166665.00,166665.00
2023-08-24,TER,SOPORTE TF 1114 DOBLE CARD CT 1114 COMO CT,1,185723.00,185723.00
2023-08-24,DISTRIBUIDORA DIEZ,CABLE TIPO TALLER 2X1 1.5MM,1,533.00,533.00
2023-08-24,GIANNONI,FARECLA G3 WAX (EX CERA WAX TOP) X 0.500,1,6032.88,6032.88
2023-08-24,GIANNONI,ZEOCAR MASILLA FORMULA POL X 04,1,9395.26,9395.26
2023-08-24,GIANNONI,CETOL B NATURAL X 04,1,15099.92,15099.92
2023-08-24,GIANNONI,HYDRARRAS X 04,1,4215.20,4215.20
2023-08-24,GIANNONI,DISCO AA 050,1,942.04,942.04
2023-08-24,GIANNONI,DISCO AA 120,1,874.75,874.75
2023-08-24,GIANNONI,FONDO EPOXI GRIS ANTI. 8007 X 04,1,24858.38,24858.38
2023-08-24,GIANNONI,CONVERTIDOR EPOXI 9020 X 1,1,3322.41,3322.41
2023-08-24,GIANNONI,ESMALTE A POLIU NEGRO 0100 X 03,1,19215.97,19215.97
2023-08-24,GIANNONI,ESMALTE A POLIU BERMELLON 0100 X03,1,19993.63,19993.63
2023-08-24,GIANNONI,CINTA DOBLE A N 988 18 X 50,1,701.28,701.28
2023-08-24,GIANNONI,ESMALTE A POLIU BLANCO 0100 X 03,1,19800.00,19800.00
2023-08-24,GIANNONI,ESMALTE A POLIU GRIS CHASIS 0100 X 03,1,19665.41,19665.41
2023-08-24,GIANNONI,ESMALTE A POLIU ALUMINIO LLANTA 0100 X 03,1,18136.84,18136.84
2023-08-24,GIANNONI,CONVERTIDOR 9013 X 4,1,29778.85,29778.85
2023-08-26,2MT,BUL NC 1010 5 16X18X 1 ZCJ900,1,21627.88,21627.88
2023-08-26,2MT,TUERCA H 5 16 NC18CAJA3000,1,34004.23,34004.23
2023-08-26,2MT,TOR C TQES T 3 16X3 4 EST350,1,3905.86,3905.86
2023-08-28,AVEDIS,OXIGENO INDUSTRIAL TUBO,1,702.93,702.93
2023-08-28,AVEDIS,CO2 INDUSTRIAL TUBO,1,450.00,450.00
2023-08-28,BALIO,MMA 2520S CAMARA DE AIRE TUBULAR H. 390,1,31329.46,31329.46
2023-08-28,HIZA,VIDRIOS TRANSPARENTES,1,175.00,175.00
2023-08-28,HIZA,TOBERAS 250,1,2190.00,2190.00
2023-08-28,HIZA,TOBERAS 360,1,4405.00,4405.00
2023-08-29,HIERROS CASANOVA,"CA. EST. CUAD. 40X40X3 ,2",1,21849.70,21849.70
2023-08-29,HIERROS CASANOVA,CA. EST. RECT. 40X30X2,1,13024.91,13024.91
2023-08-29,HIDRONOVA,MANG 3 4 R2 1050 HG X HG 1.1 16 JIC,1,20423.00,20423.00
2023-08-29,HIDRONOVA,MANG 3 4 R2 X 2060MM HG X HG 1.1 16 JIC,1,29967.00,29967.00
2023-08-29,HIDRONOVA,MANG 3 4 R2 X 2740MM HG X HG 1.1 16 JIC,1,36960.00,36960.00
2023-08-29,HIDRONOVA,ADAPTADOR JIC X NPT 1.1 16 X 3 4,1,2183.00,2183.00
2023-08-29,HIDRONOVA,CODO 90 JIC X NPT 1.1 16 X 3 4,1,8168.00,8168.00
2023-08-29,HIDRONOVA,BUJE RED M X H 0 7 8,1,3104.00,3104.00
2023-08-29,HIDRONOVA,"ACOPLE A PALANCA TIPO C 2.1 2""",1,9709.00,9709.00
2023-08-29,HIDRONOVA,"RACORD FORJADO DE ACERO 2.1 2""",1,13464.00,13464.00
2023-08-29,GIANNONI,GLASURIT PR.HS VOC GRIS 285 700 X 03,1,31744.25,31744.25
2023-08-29,GIANNONI,GLASU CAT RAP 929 55(SOLO PRIM) X 0.500,1,7619.25,7619.25
2023-08-29,GIANNONI,GLASURIT CAT.RAP.929 91 X 0.500,1,7541.75,7541.75
2023-08-29,GIANNONI,GLASURIT COLOR 22 X 01,1,12064.00,12064.00
2023-08-29,GIANNONI,ENVASE X4 (24),1,678.60,678.60
2023-08-29,GIANNONI,TRIMAS REVEST TEXT NEGRO X 01,1,2128.40,2128.40
2023-08-29,TER,TF FS 4205 A NEUM MULT C PL,1,172447.00,172447.00
2023-08-29,MARBY,CH LC CC 6.35X1500X7000,1,4151.00,4151.00
2023-08-29,MARBY,CH LC CC 3.20X1500X6000,1,672.00,672.00
2023-08-29,MARBY,CH LC CC 4.80X1500X6000,1,658.00,658.00
2023-08-29,MARBY,CH LF CC 1.60X1220X2440,1,374.00,374.00
2023-08-30,PROVIN,TIRAS DE TUBO DE VIDRIO 0 32MM X 4MM ESPESOR X1000MM DE LARGO,1,60673.00,60673.00
2023-08-30,AVEDIS,OXIGENO INDUSTRIAL TUBO,1,702.93,702.93
2023-08-30,AVEDIS,CO2 INDUSTRIAL TUBO,1,450.00,450.00
2023-08-30,HIERROS CASANOVA,PLANCHUELAS 1X3 8,1,8447.15,8447.15
2023-08-30,HIERROS CASANOVA,VARIOS CORTE PLANCHA 1 2,1,46.69,46.69
2023-08-30,COINGAS,TEE GALV 2 1 2 DEMA,1,8296.67,8296.67
2023-08-30,COINGAS,NIPLE GALV 1 4 X 10CM,1,448.20,448.20
2023-08-30,COINGAS,CODO GALV 1 4 90 HH DEMA,1,481.90,481.90
2023-08-30,COINGAS,CANO PN20 REDECO 20MM,1,1310.33,1310.33
2023-08-30,COINGAS,CODO 90 C INSERT MACHO 20X 1 2 REDECO,1,699.26,699.26
2023-08-30,COINGAS,BUJE RED PPP 3 4 X 1 2 IPS,1,56.70,56.70
2023-08-30,COINGAS,CODO FUSION FUSION 20MM 90 REDECO,1,95.70,95.70
2023-08-30,COINGAS,UDC ROSCA HEMBRA MET. 20 X 1 2 REDECO,1,1020.54,1020.54
2023-08-30,COINGAS,R.C.T. PPP 1 2 IPS,1,75.60,75.60
2023-08-30,COINGAS,CODO HH 1 2 X 90 PPP IPS,1,132.30,132.30
2023-08-30,COINGAS,VALVULA ESFERICA EVOLUTION 20,1,874.30,874.30
2023-08-30,COINGAS,JUNTA DE ASIENTO AP. CAPEA FLAPER FO20,1,92.25,92.25
2023-08-31,AVEDIS,ALQUILER DE TUBO (21%),1,75.00,75.00
2023-09-01,MONTEGRANDE SERVICIOS MGW S.A,NUEVO PLAN 25 MB,1,3140.50,3140.50
2023-09-01,MONTEGRANDE SERVICIOS MGW S.A,ABONO CORPORATIVO,1,619.83,619.83
2023-09-01,TER,NEUM. MULT. C P1 VW DELIVERY,1,267441.00,267441.00
2023-09-01,BURGOM,CORREA EVER WEAR A 027,1,1645.87,1645.87
2023-09-01,BURGOM,CORREA EVER WEAR A 028,1,1708.89,1708.89
2023-09-01,BURGOM,1319 MANCHON 85MM X 6 AGUJ.,1,2353.93,2353.93
2023-09-01,BURGOM,ADHESIVO DIGOCOL 250 CC.,1,1305.60,1305.60
2023-09-01,BURGOM,ADHESIVO CIANO CB1 CM1 CM2 CA3 20GS,1,3745.43,3745.43
2023-09-01,BURGOM,AFLOJA TODO 170X250 DIGOCOL,1,1082.40,1082.40
2023-09-01,BURGOM,BURLETE DE GOMA ESPONJA 15X50,1,1978.50,1978.50
2023-09-01,BURGOM,BURLETE DE GOMA ESPONJA 25X50,1,3294.86,3294.86
2023-09-01,BURGOM,CORREA EVER WEAR B 055,1,4632.06,4632.06
2023-09-01,BURGOM,CORREA EVER WEAR B 056,1,4716.09,4716.09
2023-09-01,BURGOM,MANGUERA AIRE AGUA 19MM 300LBRS.,1,4628.44,4628.44
2023-09-01,BURGOM,CORREA EVER WEAR B 045,1,3791.10,3791.10
2023-09-01,BURGOM,BURLETE DE GOMA ESPONJA 6X30,1,492.64,492.64
2023-09-01,BURGOM,AFLOJA TODO DIAGOCOL X440,1,1338.24,1338.24
2023-09-01,BURGOM,YUMA 732 RR 732 RT 732 TT,1,1530.38,1530.38
2023-09-01,BURGOM,PLANCHA GOMA EVA ESP 5MM,1,7839.20,7839.20
2023-09-01,BURGOM,PLANCHA GOMA EVA ESP 10MM,1,15678.40,15678.40
2023-09-01,BURGOM,SINTETICA 1 TELA 6MM GU,1,2466.99,2466.99
2023-09-01,BURGOM,CORREA EVER WEAR B 054,1,4547.40,4547.40
2023-09-01,BURGOM,CORREA EVER WEAR B 061,1,5138.05,5138.05
2023-09-01,BURGOM,CORREA EVER WEAR B 070,1,6050.42,6050.42
2023-09-01,BURGOM,CORREA EVER WEAR B 035,1,2947.18,2947.18
2023-09-04,BAIRES,22211 KMBC3W33,1,41465.98,41465.98
2023-09-04,BAIRES,SN 511,1,25365.70,25365.70
2023-09-04,BAIRES,H 311,1,8333.40,8333.40
2023-09-04,TODO UNION,"MACHO ROSCA MACHO MANIJA BRONCE 2"" 1 2",1,17102.00,17102.00
2023-09-04,TODO UNION,"TAPON 2"" 1 2",1,8805.00,8805.00
2023-09-04,TODO UNION,LLAVE SALIDA,1,32000.00,32000.00
2023-09-04,TODO UNION,"CAMACHO C BASE 2"" 1 2",1,38700.00,38700.00
2023-09-04,TODO UNION,"ARANDELA 4""",1,4000.00,4000.00
2023-09-06,DACI,CHAVETAS MEDIA LUNAS 1 8 X 5 8,1,900.02,900.02
2023-09-06,NEW GAS,GAR.10K.YPF GAS,1,2488.69,2488.69
2023-09-06,NEW GAS,GAR 45K YPF GAS,1,10407.24,10407.24
2023-09-06,BAIRES,1209 K,1,47.68,47.68
2023-09-06,BAIRES,H 309,1,9.62,9.62
2023-09-06,BAIRES,SN 509,1,57.35,57.35
2023-09-06,BAIRES,POLEA 5 CAN 100MM DIAM,1,295.00,295.00
2023-09-06,BAIRES,POLEA 5 CAN 260MM DIAM,1,415.00,415.00
2023-09-07,DISTRIBUIDORA DIEZ,PANTALLA DE POLICARBONATO 30CM,1,4940.00,4940.00
2023-09-07,DISTRIBUIDORA DIEZ,"1MTS CANO SICA DE 20"" PVC",1,325.00,325.00
2023-09-07,DISTRIBUIDORA DIEZ,CURVA SICA DE 20 PVC,1,299.00,299.00
2023-09-07,DISTRIBUIDORA DIEZ,CAJA EXULTT 10X10,1,1040.00,1040.00
2023-09-07,DISTRIBUIDORA DIEZ,CONECTOR SICA DE 20 PVC,1,412.10,412.10
2023-09-07,DISTRIBUIDORA DIEZ,CUPLA DE UNION 20 SICA,1,403.00,403.00
2023-09-07,DISTRIBUIDORA DIEZ,1MTS CABLE 1X1.5 MM,1,195.00,195.00
2023-09-07,DISTRIBUIDORA DIEZ,1MTS CABLE 1X2.5 MM,1,318.50,318.50
2023-09-07,DISTRIBUIDORA DIEZ,"CONECTOR CURVO 90"" MACHO 1 2"" ESTANCO S T F52",1,4560.40,4560.40
2023-09-07,DISTRIBUIDORA DIEZ,"CONECTOR RECTO 1 2"" DAISA FT33",1,1807.00,1807.00
2023-09-07,DISTRIBUIDORA DIEZ,TUERCA 1 2,1,326.30,326.30
2023-09-07,DISTRIBUIDORA DIEZ,KIT DE TARUGOS C TORNILLOS 6MM TASCA X 100 UNID,1,1560.00,1560.00
2023-09-07,DISTRIBUIDORA DIEZ,GRAMPA SICA DE 20,1,130.00,130.00
2023-09-07,ULTRACOLOR,DIPROEL DILUY POLIURETANO X18L,1,20832.00,20832.00
2023-09-07,ULTRACOLOR,DIPROEL DILUY ACRILICO X 200L,1,167400.00,167400.00
2023-09-11,BULONES COIRO,TUERCA ESPECIAL ROSCA CUAD. 3 4 4H 38X31 CIL,1,2055.75,2055.75
2023-09-11,BULONES COIRO,BULON EXAGONAL A109 T RE 16 150 065,1,1088.64,1088.64
2023-09-11,BULONES COIRO,TUERCA AUTOF ME HACER TOZA 12 15 0 C ALA,1,262.55,262.55
2023-09-12,BULONES COIRO,BULON EXAGONAL A109 T RE 16 150 075,1,1335.05,1335.05
2023-09-12,BULONES COIRO,BULON EXAGONAL A8.8 Z PD 3 4 10 H 155,1,1327.63,1327.63
2023-09-12,BULONES COIRO,BULON EXAGONAL A8.8 Z PD 3 4 10 H 165,1,2098.15,2098.15
2023-09-12,BULONES COIRO,BULON EXAGONAL A8.8 Z PD 3 4 11 H 175,1,1735.07,1735.07
2023-09-12,BULONES COIRO,BULON EXAGONAL A8.8 Z PD 3 4 12 H 200,1,1961.48,1961.48
2023-09-12,BULONES COIRO,BULON EXAGONAL A8.8 Z PD 3 4 13 H 215,1,2667.60,2667.60
2023-09-12,BULONES COIRO,BULON EXAGONAL A8.8 Z PD 3 4 14 H 225,1,2555.39,2555.39
2023-09-12,DISTRIBUIDORA DIEZ,CUPLA DE UNION 20 SICA,1,200.20,200.20
2023-09-12,DISTRIBUIDORA DIEZ,CONECTOR DE PVC 20 SICA,1,204.10,204.10
2023-09-12,DISTRIBUIDORA DIEZ,MODULO DE COMBINACION JELUZ,1,533.00,533.00
2023-09-12,DISTRIBUIDORA DIEZ,CAJA TABLEPLAS XCB 10 77,1,975.00,975.00
2023-09-12,DACI,BULON G5 HEX USS 7 8 X 3,1,1463.21,1463.21
2023-09-12,DACI,BULON G5 HEX USS 7 8 X 4 1 2,1,2033.86,2033.86
2023-09-12,DACI,ARANDELA PLANA 7 8 ZINC,1,171.48,171.48
2023-09-12,DACI,TUERCA AUTOFRENANTE 7 8 9 USS,1,470.86,470.86
2023-09-12,DISTRIBUIDORA DIEZ,MODULO TAPON CIEGO RICHI,1,65.00,65.00
2023-09-12,DISTRIBUIDORA DIEZ,"CANO SICA DE 20"" PVC",1,549.90,549.90
2023-09-12,DISTRIBUIDORA DIEZ,PLAFON ROKER R 216,1,3380.00,3380.00
2023-09-12,DISTRIBUIDORA DIEZ,ROLLO DE CINTA AISLADORA VINI TAPE X 20 MTS,1,1107.60,1107.60
2023-09-12,DISTRIBUIDORA DIEZ,LAMPARA LED 15W INTERELEC,1,520.00,520.00
2023-09-12,AGUA PARICE,BIDONES DE AGUA,1,665.00,665.00
2023-09-12,DISTRIBUIDORA DIEZ,CURVA SICA DE 20 PVC,1,370.50,370.50
2023-09-12,DISTRIBUIDORA DIEZ,CABLE 1 X 2.5MM,1,318.50,318.50
2023-09-12,DISTRIBUIDORA DIEZ,CAJA KALOP RECT EXTERIOR,1,923.00,923.00
2023-09-12,DISTRIBUIDORA DIEZ,KIT DE TORNILLOS Y TARUGOS NA6,1,2080.00,2080.00
2023-09-12,DISTRIBUIDORA DIEZ,DISYUNTOR BIPOLAR 25AMP STECK,1,9394.00,9394.00
2023-09-12,DISTRIBUIDORA DIEZ,TERMICA BIPOLAR 16AMP STECK,1,2570.00,2570.00
2023-09-12,DISTRIBUIDORA DIEZ,TERMICA BIPOLAR 10AMP STECK,1,2470.00,2470.00
2023-09-12,DISTRIBUIDORA DIEZ,TERMICA BIPOLAR 6AMP STECK,1,2683.20,2683.20
2023-09-12,DISTRIBUIDORA DIEZ,GRAMPA SICA DE 20,1,244.40,244.40
2023-09-12,DISTRIBUIDORA DIEZ,CAJA TABLEPLAST PF08S,1,4030.00,4030.00
2023-09-12,DISTRIBUIDORA DIEZ,PAR DE BOTINES OMBU FRANCES C P NEGRO,1,24300.00,24300.00
2023-09-12,DISTRIBUIDORA DIEZ,MODULO DE TOMA JELUZ,1,431.60,431.60
2023-09-12,DISTRIBUIDORA DIEZ,MODULO DE TOMA EXULT,1,416.00,416.00
2023-09-12,DISTRIBUIDORA DIEZ,BASTIDOR EXULT,1,273.00,273.00
2023-09-12,DISTRIBUIDORA DIEZ,TAPAS JELUX,1,234.00,234.00
2023-09-12,HIZA,ROLLO INOX 308 15KG,1,235000.00,235000.00
2023-09-14,HIZA,PICOS 1.2,1,640.00,640.00
2023-09-14,HIZA,ANILLO AISLANTE C70,1,9490.00,9490.00
2023-09-14,HIZA,JUEGOS PLASMA C70 CORTOS,1,4480.00,4480.00
2023-09-14,CARBALLO,FABRICAR CARDAN 720MM C BALANCEO,1,60000.00,60000.00
2023-09-14,AVEDIS,CO2 INDUSTRIAL TUBO,1,562.50,562.50
2023-09-14,AVEDIS,OXIGENO INDUSTRIAL TUBO,1,913.81,913.81
2023-09-14,MACEGO,PIEZAS ESCUADRAS SEGUN PLANO X 1 2,1,49650.00,49650.00
2023-09-14,MACEGO,BRIDA 0 183 0 100 X 3 8,1,3321.00,3321.00
2023-09-14,SP ACCESORIOS,P BARRANDA CICLISTA PLASTICA SEMIACOPLAD,1,473.05,473.05
2023-09-14,SP ACCESORIOS,BARAN CICLISTA SOLA Y BRUSA CHICA,1,356.31,356.31
2023-09-14,SP ACCESORIOS,PROTECTOR TRAS PLAS 32 100,1,154.99,154.99
2023-09-14,SP ACCESORIOS,R.C.T. GALV. 3 4 LATYN,1,662.38,662.38
2023-09-14,COINGAS,TEE GALV 3 8 DEMA,1,559.31,559.31
2023-09-14,COINGAS,"TE GALV 1"" LATYN",1,1692.73,1692.73
2023-09-14,COINGAS,TEE GALV 2 1 2 DEMA,1,8615.81,8615.81
2023-09-14,VENTURI,"ADAPTADOR MF JIG 7 8 % MF CONI (25,00%)",1,1633.28,1633.28
2023-09-14,VENTURI,"JUEGO DE CODOS ALUMINIO (25,00%)",1,22744.84,22744.84
2023-09-14,COINGAS,NIPLE GALV 3 4 X 15CM,1,668.14,668.14
2023-09-14,COINGAS,"NIPLE GALV 1"" X 15CM",1,934.97,934.97
2023-09-14,COINGAS,NIPLE GALV 1 1 4 X 15CM,1,1279.89,1279.89
2023-09-14,COINGAS,"NIPLE GALV 2"" X 15CM",1,3015.33,3015.33
2023-09-14,COINGAS,"NIPLE GALV 2"" 1 2 X 15CM",1,3362.42,3362.42
2023-09-14,COINGAS,"NIPLE GALV 2"" X 25CM",1,5021.93,5021.93
2023-09-14,COINGAS,CURVA GALV 1 2 45 HH LATYN,1,1280.59,1280.59
2023-09-14,COINGAS,"CURVA GALV 1"" 45 HH LATYN",1,2472.88,2472.88
2023-09-14,COINGAS,CURVA GALV 1 1 4 45 HH LATYN,1,4195.07,4195.07
2023-09-14,COINGAS,CURVA GALV 1 1 2 45O HH LATYN,1,6182.21,6182.21
2023-09-14,COINGAS,CURVA GALV 1 1 4 45 MH LATYN,1,3459.08,3459.08
2023-09-14,COINGAS,"CURVA GALV 2"" 45 MH LATYN",1,7065.35,7065.35
2023-09-14,COINGAS,CURVA GALV 2 1 2 45 MH DEMA,1,12658.77,12658.77
2023-09-14,COINGAS,"R.C.T GALV 2"" LATYN",1,2767.26,2767.26
2023-09-14,COINGAS,CODO GALV 1 4 90 HH DEMA,1,500.43,500.43
2023-09-14,COINGAS,CODO GALV 1 4 90 MH DEMA,1,520.06,520.06
2023-09-14,COINGAS,CODO GALV 3 4 90 MH LATYN,1,824.26,824.26
2023-09-14,COINGAS,"CODO GALC 2"" 90 MH LATYN",1,4975.23,4975.23
2023-09-14,COINGAS,CUPLA C B GALV 1 2 LATYN,1,500.46,500.46
2023-09-14,COINGAS,CUPLA C B GALV 1 1 4 LATYN,1,1457.21,1457.21
2023-09-14,COINGAS,CUPLA C B GALV 1 1 2 LATYN,1,2090.17,2090.17
2023-09-14,COINGAS,CUPLA C B GALV 2 1 2 DEMA,1,5740.60,5740.60
2023-09-14,COINGAS,"CUPLA C B GALV 3"" DEMA",1,7801.34,7801.34
2023-09-14,COINGAS,TAPON GALV 1 1 4 M LATYN,1,883.14,883.14
2023-09-14,COINGAS,TAPON GALV 1 1 2 M LATYN,1,1221.72,1221.72
2023-09-14,COINGAS,TAPA GALV 1 1 4 H LATYN,1,1045.07,1045.07
2023-09-14,COINGAS,TAPA GALV 2 1 2 H DEMA,1,4857.47,4857.47
2023-09-14,COINGAS,NIPLE GALV 1 2 X 15CM,1,580.96,580.96
2023-09-15,COINGAS,TEFLON 3 4 X 10 MTS,1,151.85,151.85
2023-09-15,DALIS,RESMITA A4 80GRS 6222 2 BOREAL,1,2807.53,2807.53
2023-09-15,LUBRICENTRO RUTA,80W90,1,1983.48,1983.48
2023-09-18,BEARINGS,BULONES DE CARDAN MERCEDES,1,520.00,520.00
2023-09-18,BEARINGS,MANIJA ACCESO MERCEDES BENZ,1,6800.00,6800.00
2023-09-18,BEARINGS,PORTA LAMPARAS H1,1,2900.00,2900.00
2023-09-18,BEARINGS,LAMPARA H1,1,2400.00,2400.00
2023-09-18,LOS PORTUGUESES,PITONES DE 10 2 C T,1,8000.00,8000.00
2023-09-19,DISTRIBUIDORA DIEZ,CABLE TIPO TALLER 4X4MM,1,2520.00,2520.00
2023-09-19,DISTRIBUIDORA DIEZ,BOLSA DE PRECINTOS SYBYD ALT3,1,1276.60,1276.60
2023-09-19,DISTRIBUIDORA DIEZ,BOLSA DE PRECINTOS SYBYD ALT4 NEGRO,1,1651.00,1651.00
2023-09-19,DISTRIBUIDORA DIEZ,BOLSA DE PRECINTOS SYBYD ALT5 NEGRO,1,2080.00,2080.00
2023-09-19,DISTRIBUIDORA DIEZ,LAMPARA LED 15W INTERELEC,1,520.00,520.00
2023-09-19,STOCCO,"CASQUETE TORIESFERICO 1800 6,3",1,224000.00,224000.00
2023-09-19,SANITARIOS ADRIANA,PUNTO CAPSULADO,1,1480.00,1480.00
2023-09-19,ADORNO GUILLERMO JAVIER,VIDRIO REDONDO 12.5CM,1,400.00,400.00
2023-09-19,ADORNO GUILLERMO JAVIER,"VIDRIO 13,5 X 17,5CM",1,520.00,520.00
2023-09-19,TRV,TRV 53 AB,1,2100.00,2100.00
2023-09-20,GIANNONI,DUR LADRILLO SAT CON PEL CERAM X C4,1,11505.11,11505.11
2023-09-20,ROSSI,H 307 MANGUITO,1,3500.00,3500.00
2023-09-20,ROSSI,1207 K ARB,1,6900.00,6900.00
2023-09-20,ROSSI,SN 507 SOPORTE,1,14900.00,14900.00
2023-09-20,GIANNONI,SUPER LAVABLE NETCOLOR BLANCO X 10,1,13971.67,13971.67
2023-09-21,DACI,BULON G5 HEX USS 3 4X2 1 2,1,926.48,926.48
2023-09-21,DACI,TUERCA AUTOFRENANTE 3 4 10 USS,1,324.57,324.57
2023-04-20,MACEGO,"BRIDA 130 73 X 1 2"" EXCLUSA",1,1588.00,1588.00
2023-04-20,MACEGO,"DISCO 105 X 3 8"" EXCLUSA",1,720.00,720.00
2023-04-20,MACEGO,"BRIDA 170 70 X 1 2""",1,2715.00,2715.00
2023-04-20,MACEGO,"DISCO 140 X 3 8"" EXCLUSA",1,1288.00,1288.00
2023-04-20,MACEGO,"PLACA 350 X 110 X 5 8"" CON 2 AGUJ",1,6950.00,6950.00
2023-04-20,MACEGO,"PLACA 300 X 110 X 5 8""",1,5930.00,5930.00
2023-04-20,MACEGO,"BRIDA 135 67 X 1 4""",1,850.00,850.00
2023-04-20,MACEGO,"TAPAS PORTAFILTRO X 3 8""",1,1700.00,1700.00
2023-04-20,MACEGO,"PIEZAS LAGRIMAS X 3 8""",1,40.00,40.00
2023-04-20,MACEGO,"BRIDA BRIDA 135 80 X 3 8""",1,1270.00,1270.00
2023-09-22,BULONERA MIAN,CHAV CUADRADA HACER 8 X 8 X 300,1,1545.46,1545.46
2023-09-22,GALPA,SK 509 AL 2 ACOPLE,1,18700.00,18700.00
2023-09-21,NEW GAS,GAR.10K.YPF GAS,1,2488.69,2488.69
2023-09-25,AVEDIS,ZOLDAR 20 TUBO,1,5332.65,5332.65
2023-09-25,AVEDIS,CO2 INDUSTRIAL TUBO,1,562.50,562.50
2023-09-25,AVEDIS,OXIGENO INDUSTRIAL TUBO,1,913.81,913.81
2023-09-25,TER,TF ZF 16AS 2630TO NEUM.M. C PL,1,173198.00,173198.00
2023-09-25,TER,EJE PROLONG. TF ZF 16AS 2630 (16AS 2230),1,60437.00,60437.00
2023-09-25,TANGOMA,CORREAS CP 62 CARLISLE,1,25810.00,25810.00
2023-09-26,SOLBEMT,REJILLA COCINA DOBLE SCHEZ,1,181.82,181.82
2023-09-26,SOLBEMT,TRAPO DE PISO ALPARGATA G,1,479.34,479.34
2023-09-26,SOLBEMT,SECADOR BLANCO DE 50CM,1,1016.53,1016.53
2023-09-26,SOLBEMT,QUITASARRO T H X6 LTS,1,4677.67,4677.67
2023-09-26,SOLBEMT,GUANTES DE LATEX TALLE XL,1,520.66,520.66
2023-09-26,SOLBEMT,ESCOBILLON BARRENDERO CHICO,1,826.45,826.45
2023-09-26,SOLBEMT,CABO DE MADERA 150MT,1,413.22,413.22
2023-09-26,ACCEPLASTIC,GUARDABARRO UNIVERSAL,1,25800.00,25800.00
2023-09-26,CERSOSIMO,BURLETE ESPONJA 6 X 30MM,1,453.22,453.22
2023-09-26,CERSOSIMO,BURLETE CABURE CAUCHO EPDM,1,4605.30,4605.30
2023-09-26,MECANSUR,BOMBA 180 LTS PORTAVOLQUETES SIN VALVULA SIN LLAVE ( GIRO DERECHO),1,181600.00,181600.00
2023-09-26,MECANSUR,MANGUITO ESTRIADO COMUN SIN CEMENTAR Z 15,1,13500.00,13500.00
2023-09-26,CARBALLO,CARDAN 1085MM C BALANCEO,1,60000.00,60000.00
2023-09-26,CARBALLO,BALANCEO 2 CARDANES DE TOMA DE FUERZA,1,50000.00,50000.00
2023-09-26,REPUESTOS LLAVALLOL,TORNILLO ARBOL TRANSMIS,1,2809.91,2809.91
2023-09-26,HIDRONOVA,MANCHON 170 X 25 ASPIRANTE ESPELENTE,1,57720.00,57720.00
2023-09-26,HIDRONOVA,MANG 1 2 R2 X 6500MM HG 7 8 JIC X HG 1 2 AS MACHO,1,47250.00,47250.00
2023-09-26,HIDRONOVA,MANG 3 8 R2 X 8000MM HG X HG 7 8 JIC,1,52250.00,52250.00
2023-09-26,HIDRONOVA,MANG 1 4 R2 X 15 MTS MG 1 4 GAS X MG 1 2 GAS,1,73500.00,73500.00
2023-09-26,HIDRONOVA,ADAPTADOR CODO 90M X H 1 4,1,4370.00,4370.00
2023-09-26,HIDRONOVA,ADAPTADOR 9 16 JIC X 1 2 NPT,1,1101.00,1101.00
2023-09-26,HIDRONOVA,MANOMETRO C GLICERINA 0 160 BAR,1,6840.00,6840.00
2023-09-26,HIDRONOVA,ADAPTADOR JIC X NPT 7 8 X 3 8,1,1101.54,1101.54
2023-09-26,HIDRONOVA,CODO 90 JIC X NPT 7 8 X 3 8,1,6378.64,6378.64
2023-09-26,HIDRONOVA,CODO 90 DE BRONCE M X H R 1 4,1,1705.00,1705.00
2023-09-26,HIDRONOVA,MANOMETRO DIAM 63 ROSCA INF 1 4 0 160 BAR,1,6480.00,6480.00
2023-09-26,HIDRONOVA,FIBRON AMARILLO TINTE,1,2327.00,2327.00
2023-09-26,HIDRONOVA,MANGUERA 3 4 R1 X 1300MM HG X MG 1.3 16,1,26070.00,26070.00
2023-09-26,HIDRONOVA,MANGUERA 3 8 R1 X 1400MM HG X HG 7 8 JIC,1,12760.00,12760.00
2023-09-26,HIDRONOVA,MANGUERA 1 2 R2 X 1000MM HG 7 8 JIC X HG 1.1 16 JIC,1,14300.00,14300.00
2023-09-26,HIDRONOVA,MANGUERA 1 2 R2 X 1300MM HG X HG 1.1 16,1,17380.00,17380.00
2023-09-26,HIDRONOVA,MANGUERA 3 8 R1 X 1000MM HG X HG 7 8 JIC,1,12100.00,12100.00
2023-09-26,HIDRONOVA,MANGUERA 3 4 R2 X 1500MM HG X HG 1.1 16 JIC,1,23650.00,23650.00
2023-09-26,HIDRONOVA,MANGUERA 3 8 R2 X 1500MM HG X HG 7 8 JIC,1,16500.00,16500.00
2023-09-26,HIDRONOVA,MANG 1 2 R2 X 500MM HG X MF 7 8 JIC,1,9900.00,9900.00
2023-09-26,HIDRONOVA,"MANG 1"" R4 X 1500MM",1,13440.00,13440.00
2023-09-26,HIDRONOVA,ADAPTADOR JIC X NPT 1.1 16 X 1 2,1,1788.11,1788.11
2023-09-26,HIDRONOVA,ADAPTADOR JIC X NPT 1.1 16 X 3 4,1,2182.91,2182.91
2023-09-26,HIDRONOVA,ABRAZADERA DE BAJA PRESION,1,757.94,757.94
2023-09-26,HIDRONOVA,BUJE DE REDUCCION DE BRONCE M X H T1 4 X R 1 8,1,540.00,540.00
2023-09-26,HIDRONOVA,CONECT AUTOMAT TEE ROSCA CENTRAL T6 X R1 8,1,844.13,844.13
2023-09-26,HIDRONOVA,ADAPTADOR JIC X NPT 7 8 X 3 4,1,2183.00,2183.00
2023-09-27,TANGOMA,CUPLA DE 75 X 250MM,1,14650.00,14650.00
2023-09-27,TANGOMA,ABRAZADERAS REFORZADAS AB 112,1,1730.00,1730.00
2023-09-27,TER,TF FS 6306 A NEUM MULT C P1,1,181057.00,181057.00
2023-09-27,TER,TF FS 6306 A NEUM MULT C PL (6406 B),1,181057.00,181057.00
2023-09-27,TER,TF ZF 16AS 2630TO NEUM.M. C PL,1,173198.00,173198.00
2023-09-27,TER,EJE PROLONGADO TF ZF 16AS 2630 TF 1344 (16AS 2230),1,60437.00,60437.00
2023-10-02,DACI,LLAVES ALLEN DE 4MM,1,284.08,284.08
2023-10-02,DACI,BROCA SDS PLUS 8 X350,1,3219.29,3219.29
2023-10-02,ROSSI,RET 8347 LX DBH,1,1300.00,1300.00
2023-10-02,ROSSI,2. 117 O'RING,1,150.00,150.00
2023-10-02,BULL VIAL,"6,50 10 WEST LAKE SERIE 0304 OCA",1,25000.00,25000.00
2023-10-02,DACI,"BROCA MIL G8 HEX MB P1,50 12 X 30",1,3219.29,3219.29
2023-10-03,INOXIDABLES PIERRI,CODOS P SOLD 76 X 1.5 AISI 304,1,10782.25,10782.25
2023-10-03,DICA,"MANGUERA MARCA INDUSTRIAS DICA MODELO DICAFLEX GG 4"" LARGO 3000MM EXTREMOS PRENSADOS EN ACERO CARBONO MF X MF 4"" BSPT",1,594036.19,594036.19
2023-10-03,DICA,"ACOPLE DCH 4"" ALUMINIO ( NAC )",1,32273.65,32273.65
2023-10-03,DICA,ACOPLE DCH 2 1 2 ALUMINIO ( NAC ),1,25994.36,25994.36
2023-10-03,HIERROS CASANOVA,"TYROLIT DISCO SENSITIVO 350X2 5X25,4",1,4245.26,4245.26
2023-10-04,BURGOM,CORREA EVER WEAR A 042,1,2564.23,2564.23
2023-10-04,SARABIA MARIO FABIAN,CANO DE 60 X 3MM CILINDRADO SEGUN PLANTILLA,1,6200.00,6200.00
2023-10-04,FERRIN,CUERDA VITON DIAM 5MM,1,1884.00,1884.00
2023-10-05,MARBY,CH LC CC 6.35X1500X6000,1,778.22,778.22
2023-10-05,DICA,"ACOPLE DNH 2 1 2"" ALUMINIO",1,7328.28,7328.28
2023-10-06,WURTH,WURTH BONDER 20G,1,1804.00,1804.00
2023-10-06,WURTH,CINTA DE ENMASCARAR 18MM X 50M,1,589.00,589.00
2023-10-06,TER,"REPARACION DE CAJA DE TRANF NO1726 CAMBIO DE CUERPO NA1726 CORONA N4100 PINON N4102 RETENES ORING DESARME, ARMADO , PRUEBA DE BANCO 1621",1,1058000.00,1058000.00
2023-10-06,HIDRONOVA,MANG 3 8 R1 X 2040MM HG X HG 9 16 AS T,1,18150.00,18150.00
2023-10-06,GIANNONI,S W KIT PRIMER Y ENDURECEDOR POLI P 710,1,4567.65,4567.65
2023-10-06,GIANNONI,S W SELLADOR PARA CORRECTORES X 0.200 (77029),1,1672.98,1672.98
2023-10-06,GIANNONI,LIJA AL AGUA AA 1200,1,314.29,314.29
2023-10-06,GIANNONI,THINNER HYDRA ORO X 18,1,23314.27,23314.27
2023-10-06,GIANNONI,SW KIT PRIMER Y ENDURECEDOR POLI P 710,1,4567.65,4567.65
2023-10-06,GIANNONI,GLASURIT COLOR 55X 1L,1,17750.00,17750.00
2023-10-06,GIANNONI,ENVASE X 4,1,678.60,678.60
2023-10-06,GIANNONI,SW BARNIZ ALT SOLIDO 8937 X 05,1,20436.71,20436.71
2023-10-06,GIANNONI,"SW ENDURECEDOR RAPIDO 066 X 0,834",1,7274.37,7274.37
2023-10-09,GIANNONI,S.W OPEX ENDURECEDOR P PRIMER X 0.100,1,1067.60,1067.60
2023-10-09,GIANNONI,S.W OPEX PRIMER GRIS X 0.800,1,4022.41,4022.41
2023-10-09,GIANNONI,ENVASE X 4 (24),1,678.60,678.60
2023-10-09,GIANNONI,GLASURIT COLOR 55 X 1L,1,17750.00,17750.00
2023-10-10,SANITARIOS VIAMONTE,BUJE 63 X 51 GALVANIZADO,1,4193.30,4193.30
2023-10-10,SANITARIOS VIAMONTE,CODO MH 6 GALVANIZADO,1,712.87,712.87
2023-10-10,SANITARIOS VIAMONTE,MANGUITO H 19 POLIETIL,1,107.40,107.40
2023-10-10,SANITARIOS VIAMONTE,MANGUITO MACHO 19 X ROSCA 13 POLIETILENO,1,77.90,77.90
2023-10-10,FERRETERIA FH,JGO TUBOS X 24PZ (1 2) 10 32MM,1,53303.66,53303.66
2023-10-10,FERRETERIA FH,SPOT DE 1 LUZ CON CAPUCHON DE CHAPA,1,3036.50,3036.50
2023-10-11,PROVEEDURIA HIDRAULICA,ADAPTADOR C45 M H 1 4 ALTA,1,3043.18,3043.18
2023-10-11,PROVEEDURIA HIDRAULICA,CUPLA 1 4 ALTA,1,816.53,816.53
2023-10-11,METALURGICA GABRIELLI,2 CANOS AISI 304 CURVADOS SEGUN PLANTILLA,1,15000.00,15000.00
2023-10-11,GIANNONI,VIRUTA FINA X 0.330,1,1188.95,1188.95
2023-10-11,GIANNONI,VIRUTA MEDIANA X 0.330,1,1189.09,1189.09
2023-10-11,GIANNONI,ESTOPA BLANCA X 05,1,2950.93,2950.93
2023-10-11,COINGAS,SELLADOR H3 2S CC SALADILLO,1,913.10,913.10
2023-10-11,COINGAS,BUJE RED GALV 2 1 2 DEMA,1,4542.15,4542.15
2023-10-11,GIANNONI,ESMALTE A POLIU TURQUESA 0100 X 03,1,26686.29,26686.29
2023-10-11,GIANNONI,CONVERTIDOR 9013 X 4,1,9947.55,9947.55
2023-10-11,BALIO,TANQUE REMOLQUE CON SOPORTE,1,87458.72,87458.72
2023-10-12,PIJUAN,LENTE LIBUS TRANSPARENTE ARGON,1,900.00,900.00
2023-10-12,PIJUAN,LENTE LIBUS OSCURO ARGON,1,900.00,900.00
2023-10-12,PIJUAN,CINTA METRICA EVEL 5 METROS,1,3700.00,3700.00
2023-10-12,PIJUAN,GUANTE CUERO GUANTE SOLDADOR,1,1900.00,1900.00
2023-10-12,PIJUAN,DELANTAL CUERO 60X90 CENTIMETROS,1,3200.00,3200.00
2023-10-12,PIJUAN,MANGA CUERO,1,2430.00,2430.00
2023-10-12,PIJUAN,POLAINA CUERO,1,2500.00,2500.00
2023-10-12,PIJUAN,"MECHA ACERO RAPIDO EZETA 5,25MM",1,1207.26,1207.26
2023-10-12,PIJUAN,MECHA ACERO RAPIDO EZETA 6MM,1,1289.43,1289.43
2023-10-12,PIJUAN,MECHA ACERO RAPIDO EZETA 7MM,1,1748.66,1748.66
2023-10-12,PIJUAN,"MECHA ACERO RAPIDO EZETA 9,5MM",1,3300.35,3300.35
2023-10-12,PIJUAN,MECHA ACERO RAPIDO EZETA 10MM,1,3903.73,3903.73
2023-10-12,PIJUAN,MECHA ACERO RAPIDO EZETA 11MM,1,5144.77,5144.77
2023-10-12,PIJUAN,VARIOS MECHA ACERO RAPIDO EZETA 13.5,1,11700.00,11700.00
2023-10-12,PIJUAN,VARIOS MECHA ACERO RAPIDO EZETA 14,1,12200.00,12200.00
2023-10-12,PIJUAN,VARIOS MECHA ACERO RAPIDO EZETA 17,1,20400.00,20400.00
2023-10-12,PIJUAN,VARIOS MECHA ACERO RAPIDO EZETA 19,1,28360.00,28360.00
2023-10-12,PIJUAN,LLAVE COMBINADA BREMEN 11MM,1,3150.00,3150.00
2023-10-12,PIJUAN,LLAVE COMBINADA BREMEN 13MM,1,3700.00,3700.00
2023-10-12,PIJUAN,LLAVE COMBINADA BREMEN 14MM,1,4300.00,4300.00
2023-10-12,PIJUAN,CARETA SOLDAR FRAVIDA VISOR MOVIL,1,3000.00,3000.00
2023-10-12,PIJUAN,VARIOS ARNES PARA CARETA SOLDADOR FRAVIDA,1,2000.00,2000.00
2023-10-12,PIJUAN,VARILLA ROSCADA 3 4 PULGADA ZINCADA,1,3900.00,3900.00
2023-10-12,PIJUAN,VARIOS LLAVE COMBINADA DE 1 2 BREMEN,1,3800.00,3800.00
2023-10-12,PIJUAN,VARIOS MECHA ACERO RAPIDO EZETA 8.5,1,2600.00,2600.00
2023-10-12,PIJUAN,PANTALON OMBU BLANCO TALLE ROPA 40,1,8900.00,8900.00
2023-10-12,PIJUAN,PANTALON OMBU BLANCO TALLE ROPA 44,1,8900.00,8900.00
2023-10-12,GONZALEZ SOTO SH,FARO PATENTE S10 12,1,10330.58,10330.58
2023-10-12,HERRATURR,BISAGRA MUNICION 100 X 37 H. PULIDO,1,821.82,821.82
2023-10-12,CONSTRUMUNDO,MALLA 15X15 H 6 DE 2X5M,1,25950.41,25950.41
2023-10-12,ELECTRO TRAILER,JUEGOS DE PATAS DE APOYO B200 ALTA JOST,1,529045.35,529045.35
2023-10-12,AVEDIS,CO2 INDUSTRIAL TUBO,1,562.50,562.50
2023-10-12,AVEDIS,ARGON TUBO,1,7617.21,7617.21
2023-10-12,AVEDIS,OXIGENO INDUSTRIAL TUBO,1,913.81,913.81
2023-10-12,HOSE & FITTINGS S.A,"ACOPLE DC 2""",1,9500.00,9500.00
2023-10-14,REVICAR SA,OBLEA CARGA Y PASAJEROS,1,2495.00,2495.00
2023-10-14,REVICAR SA,HONORARIOS CAMIONES N1 1 ANO,1,15293.39,15293.39
2023-10-17,HERRATURR,RUEDA INTER BLANCA ECO 32 C BASE,1,248.02,248.02
2023-10-17,DACI,"BULON MIL G8 HEX MB P1,50 12 X 30",1,287.90,287.90
2023-10-17,DACI,MACHOS PASO MILIMETRICO CONO 2 Y 3 9X1MM,1,2895.87,2895.87
2023-10-17,COINGAS,"LLAVES EXCLUSAS BRONCE 3"" J.M.",1,77718.66,77718.66
2023-10-17,COINGAS,"BUJE RED GALV 4"" X (NA NA) DEMA",1,14700.16,14700.16
2023-10-17,SANITARIOS ADRIANA,"CODO 2"" M H GALVANIZADO",1,7150.00,7150.00
2023-10-18,MICRO,"ACTUADOR 90 D 83"" 2E F05 F07",1,467.02,467.02
2023-10-18,MICRO,ADAPTADOR 17*14*19,1,3.40,3.40
2023-10-18,CHEVRO GUILLON,JUEGO BARREROS S 10,1,8264.46,8264.46
