nombre,razon_social,cuit,telefono,email
XXX,XXX,-,-,-
2MT,MARTHI CARLOS MARIA,-,-,-
ACCEPLASTIC,RUBINETTI EDUARDO MIGUEL,-,-,-
ACERO LOMAS,H RODRIGUEZ S.R.L.,-,-,-
ACO-FLEX,HOSE Y FITTINGS S.A.,-,-,-
ACOPLADOS PETINARI,PEDRO PETINARI E HIJO S.A.,-,-,-
ACOPLES SANCHEZ,SANCHEZ HORACIO HECTOR,-,-,-
ACSA,ALTERNATIVAS COMERCIALES S.A.,-,-,-
ADORNO GUILLERMO JAVIER,ADORNO GUILLERMO JAVIER,-,-,-
AGUA PARICE,ROMERO ROMINA VANESA,-,-,-
AGUAYO,AGUAYO ROBERTO ALFREDO,-,-,-
AIR BLAST,AIR BLAST S.A.,-,-,-
ALAMBRES RUMBOS,ALAMBRES RUMBOS S.A.,-,-,-
APERAM,APERAM STAINLESS SERVICES & SOLUTIONS ARGENTINA S.A.,-,-,-
ARANA,ARANA S.A.,-,-,-
ARGENGAS GROUP,GASES POMPEYA S.A.,-,-,-
ARGENTEC,ARGENTEC S.A.,-,-,-
ARIGOM,ARIGOM S.R.L.,-,-,-
MERCEDES BENZ,ARMANDO J. RIOS S.A.C.I.F.,-,-,-
ARRIOLA,INDUSTRIAS METALURGICAS FRANCISCO ARRIOLA E HIJOS S.A.,-,-,-
ASTIVIA,ASTIVIA S.A.,-,-,-
AURELIA,AURELIA S.A.C.I.F.,-,-,-
AUTOMACION ARGENTINA,AUTOMACION ARGENTINA S.A.,-,-,-
AUTOSUR,NIKOLUK SERGIO ANTONIO,-,-,-
AVEDIS,TECNO AGRO VIAL S.A.,-,-,-
BAIML,JUAN J. BAIML S.A.,-,-,-
BAIRES ,BAIRES INDUSTRIA S.R.L.,-,-,-
BALIO,BALIO S.R.L.,-,-,-
BARRIOS CURBELO SANDRA JANET,BARRIOS CURBELO SANDRA JANET,-,-,-
BEARINGS ,OUBEL Y GARCIA S.S.,-,-,-
BERKO,SISTEMAS BERKO S.R.L.,-,-,-
BLUECAR,BLUECAR S.A.,-,-,-
BOMBAS PUENTE,VACIO PONT S.R.L.,-,-,-
BULL VIAL,BULL VIAL S.R.L.,-,-,-
BULONERA MIAN,BULONERA MIAN S.R.L.,-,-,-
BULONES BROWN,GONZALEZ JORGE OSCAR,-,-,-
BULONES COIRO,DISTRIBUIDORA BULONES COIRO S.A.,-,-,-
BURGOM,RAS ARTICULOS DE GOMA S.R.L.,-,-,-
CARBALLO,CARBALLO EDUARDO JAVIER,-,-,-
CARDENUTO,CARDENUTO HUGO CLAUDIO,-,-,-
CASA CANO,CANO HORACIO ALBERTO,-,-,-
CASABLANCA,CASABLANCA DE SANTEUSANIO CARLOS Y SANCHEZ LIDIA,-,-,-
CERSOSIMO,LEONARDO ANGEL CERSOSIMO E HIJOS S.R.L.,-,-,-
CESKIAVIKUS JORGE ROBERTO,CESKIAVIKUS JORGE ROBERTO,-,-,-
CHEMPO COMPANY,CHEMPO COMPANY S.R.L.,-,-,-
CHEVRO GUILLON,RULLO DIEGO FABIAN,-,-,-
CINGOLANI ,GABRIEL CINGOLANI Y GUSTAVO CINGOLANI S.H.,-,-,-
COINGAS,COINGAS S.A.,-,-,-
COMPRESORES TEMPERLEY,ROSA JUAN ANTONIO,-,-,-
CONSTRUMUNDO,CONSTRUMUNDO S.A.,-,-,-
CYLGEM,CYLGEM S.A.,-,-,-
DACI,RIVERO SILVERIO OSCAR,-,-,-
DALIS,DALIS S.R.L.,-,-,-
DANIEL SALINAS,SALINAS DANIEL BERNARDINO,-,-,-
DEELS,DEELS METALES Y PLASTICOS S.R.L.,-,-,-
DI GILIO,DI GILIO ROQUE ANTONIO,-,-,-
DI GILIO,DI GILIO HERMANOS E HIJOS S.A.,-,-,-
DI PRIMO,ACCESORIOS DI PRIMO S.R.L.,-,-,-
DIAZ KARINA HAYDEE,DIAZ KARINA HAYDEE,-,-,-
DICA,INDUSTRIAS DICA S.R.L.,-,-,-
DISTRIBUIDORA BAUDA,BALDONI BARLOS MAXIMILIANO,-,-,-
DISTRIBUIDORA DIEZ,SUSANA BEATRIZ LUGARO,-,-,-
DISTRIBUIDORA VIP  ,DISTRIBUIDORA VIP S.R.L.,-,-,-
DISTROPAR,DISTROPAR S.A.,-,-,-
ECONOVO ,OSCAR SCORZA EQUIPOS Y SERVICIOS S.R.L.,-,-,-
EL CERROJO,PASSERA LUIS ALBERTO,-,-,-
EL PIONERO,AGUERO DANIELA ESTER,-,-,-
EL REGISTRADOR,RELOJES EL REGISTRADOR SA,-,-,-
EL RUTERIO,HOZ MARIEL Y HOZ LAURA S.H.,-,-,-
ELECTRO TRAILER,ELECTRO TRAILER S.R.L.,-,-,-
ELECTROMECANICA SUR,ELECTROMECANICA SUR DE H.A.DA RESSURREICAO ,-,-,-
ESTACION BIG BLUE,ESTACION BIG BLUE SA,-,-,-
EXUBARA ,JUAN MANUEL CEDEIRA,-,-,-
FABIO,FABIO HNOS. S.A.,-,-,-
FERREMAX,GODOY ALCARAZ SILVINA ELIZABETH Y GODOY MIGUEL ALEJANDRO SOCIEDAD LEY 19550 CAPITULO I SECCION IV,-,-,-
FERRETERIA FH,FARIÑAS DANIEL EDUARDO,-,-,-
FERRETERIA MARIOTTO,FERRETERIA INDUSTRIAL MARIOTTO S.R.L.,-,-,-
FERRETERIA NEPA,CELANO NESTOR MARCELO,-,-,-
FERRIN,FERRIN NORBERTO JOSE,-,-,-
FOURCADE,FOURCADE RICARDO HECTOR,-,-,-
FRENOS MONTEVERDE,MATINERO JUAN PABLO,-,-,-
GALPA ,GALPA S.R.L.,-,-,-
GAMOPA ,GAMOPA S.A.C.I.F.E.I.,-,-,-
GEC,GEC S.A.,-,-,-
GIANNONI,PINTURERIA GIANNONI S.A.,-,-,-
GONZALEZ SOTO,GONZALEZ SOTO SH,-,-,-
GRAFICA EL TOKE,BONZI PABLO NICOLAS,-,-,-
HELOU,HELOU LEANDRO MARTIN,-,-,-
HERRATURR,HERRAJES TURRIN S.A.,-,-,-
HIDRAULICA LONGCHAMPS,ORELLANA GUSTAVO RAFAEL,-,-,-
HIDRONOVA,DI STEFANO CARLOS,-,-,-
HIDRONOVA,HIDRONOVA S.R.L.,-,-,-
HIERROFE,HIERROFE S.R.L.,-,-,-
HIERROS CASANOVA,G. CASANOVA Y CIA S.A.,-,-,-
HIERROS MORELLI,HIERROS MORELLI S.R.L.,-,-,-
HIERROTAN,TANKOIL S.R.L.,-,-,-
HIZA,HIZA JUAN CARLOS,-,-,-
ILFRA,ILFRA OESTE S.A,-,-,-
ILUZ,ILUZ S.A.,-,-,-
IM INDUSTRIAS ,IM INDUSTRIAS S.R.L.,-,-,-
INDRIERI LEANDRO MAXIMILIANO,INDRIERI LEANDRO MAXIMILIANO,-,-,-
INDUSELL,INDUSELL SRL,-,-,-
INOXIDABLES PIERRI,INOXIDABLES PIERRI S.A.,-,-,-
INTERNET,SERVICIOS MGW S.A.,-,-,-
ITALPREN,ITALPREN DE PUGLIESE HERMANOS S.R.L.,-,-,-
IVECAM,IVECAM S.A.,-,-,-
JCD,JUAN CARLOS DONADON S.R.L.,-,-,-
JMH,JMH S.R.L.,-,-,-
JORGE CD KOT,CESKIAVIKUS JORGE ROBERTO,-,-,-
KAESER,KAESER COMPRESORES DE ARGENTINA S.R.L.,-,-,-
KORMAT,PROYECTOS  KORMAT S.A.,-,-,-
LENOX TANYX,MAYNAR SRL,-,-,-
LIDERES,CONSULTORES DE SEGURIDAD S.R.L.,-,-,-
LOS PORTUGUESES,TALLER DE ELASTICOS LOS PORTUGUESES S.R.L.,-,-,-
LUBRICENTRO RUTA,SAN MARTIN ALBERTO ENRIQUE,-,-,-
LUGANO LUBRICENTRO,MARTORELLI LEONARDO,-,-,-
MACEGO,MAIDANA ALDANA SOLEDAD,-,-,-
MANUFACTURAS DAVIO S.R.L.,MANUFACTURAS DAVIO S.R.L.,-,-,-
MARBY,MARBY S.A.,-,-,-
MARSIGLIONE ANTONIO LUIS,MARSIGLIONE ANTONIO LUIS,-,-,-
MATAFUEGOS EZEIZA,MANUEL ELISA CLAUDIA,-,-,-
MECAFER,MECAFER S.R.L.,-,-,-
MECANSUR,METALURGICA MECANSUR  S R L,-,-,-
MERCEDES BENZ,ARMANDO J RIOS S.A.C.I.F.,-,-,-
MERCOSIL,DIMAS MICELI,-,-,-
METALCONF,METALCONF COMERCIAL S.A.,-,-,-
METALURGICA GABRIELLI ,METALURGICA GABBRIELLI S.A.,-,-,-
METALURGICA PEÑALVA HNOS.  S.A.,METALURGICA PEÑALVA HNOS.  S.A.,-,-,-
MICRO,AUTOMACION MICROMECANICA S.A.I.C.,-,-,-
MOCONA,GRUPO MOCONA SRL,-,-,-
MORAN IVANA LORENA,MORAN IVANA LORENA,-,-,-
MORON GOMA,MORON GOMA S.A.,-,-,-
NEPOTE,NEPOTE RAUL OMAR,-,-,-
NEW GAS,NEW GAS S.A.,-,-,-
OESTE GASES,MOROZIUK RUBEN G. Y STAMPONE EDUARDO J. S.H.,-,-,-
ONISZCZUK ALBERTO,ONISZCZUK ALBERTO,-,-,-
OPORTO PABLO ALFREDO,OPORTO PABLO ALFREDO,-,-,-
ORGANIZACION SD ,ORGANIZACION SD S.R.L.,-,-,-
PAPELERA JUAN XXII,SAPIA ARIEL AUGUSTO,-,-,-
PATRACAS,PATRACAS S.A.,-,-,-
PENTRON,PENTRON S.A.,-,-,-
PETROPOLIS,GIARDINA ADRIAN FABIO,-,-,-
PIERRINOX,PIERRINOX SRL,-,-,-
PIJUAN,PIJUAN MARCELO HECTOR,-,-,-
PINTURERIA SERRENTINO,PINTURERIA SERRENTINO S.R.L.,-,-,-
PISOMETAL,PISOMETAL S.A.,-,-,-
PLASMA CONTROL,ARILLO LORENZO JUAN MANUEL,-,-,-
PREGOM,PRE GOM DE HECTOR J BURKARDT E HIJOS,-,-,-
PROVEEDURIA HIDRAULICA,ABAL GABRIEL ANDRES,-,-,-
PROVIN,PAZ LUCAS SEBASTIAN,-,-,-
Q10 QUIMICA,ALFREDO JAVIER ALVAREZ,-,-,-
QUIMWEY,QUIMWEY LABORATORIO INDUSTRIAL S.A.,-,-,-
RAPP CLAUDIO FABIAN,RAPP CLAUDIO FABIAN,-,-,-
REPICKY,REPICKY S.A.,-,-,-
REPUESTOS LLAVALLOL,PELLEGRINI DIEGO OMAR,-,-,-
REPUESTOS SANKAR,REPUESTOS SANKAR DE RUIZ HECTOR RAUL ,-,-,-
REVICAR ,REVICAR S.A.,-,-,-
RIVADAVIA REPUESTOS,RIVADAVIA REPUESTOS S.A.,-,-,-
RIZZOTTO,RIZZOTTO Y PIERAGOSTINI S.R.L.,-,-,-
ROBERTO JOSE HELOU,ROBERTO JOSE HELOU,-,-,-
ROSSI,ROSSI RODAMIENTOS S.R.L.,-,-,-
RUBINETTI,DENDA LEONARDO DANILO Y CACACE CARLOS HUGO S.H.,-,-,-
RUIZ DIAZ RAUL MARTIN,RUIZ DIAZ  REPARACIONES,-,-,-
REPUESTOS VELEZ SARSFIELD ,REPUESTOS VELEZ SARSFIELD S.R.L.,-,-,-
SANCHEZ HORACIO HECTOR,SANCHEZ HORACIO HECTOR,-,-,-
SANITARIOS ADRIANA,MABEL ADRIANA BAUTIAN,-,-,-
SANITARIOS VIAMONTE ,RIVERA ROBERTO,-,-,-
SANITARIOS VIAMONTE ,SANITARIOS VIAMONTE S.A.,-,-,-
SARABIA MARIO FABIAN,SARABIA MARIO FABIAN,-,-,-
SCANIA,BAISUR MOTO S.A.,-,-,-
SELLADORES Y PEGAMENTOS SAN JOSE,SELLADORES Y PEGAMENTOS SAN JOSE S.R.L.,-,-,-
SIRIO MATAFUEGOS,RODRIGUEZ ROQUE NICOLAS,-,-,-
SISTEMA INTEGRAL DEL AUTOMOVIL,SISTEMA INTEGRAL DEL AUTOMOVIL S.A.,-,-,-
SOCAM COOPERATIVA DE TRABAJO LIMITADA,COOPERATIVA SCOAM COOPERATIVA DE TRABAJO LIMITADA,-,-,-
SOLBEMT,SOLBEMT SRL,-,-,-
SP ACCESORIOS,ARIOTTI SANTORO JUAN PABLO,-,-,-
STOCCO,STOCCO HERMANOS S.A.,-,-,-
STORANI,PENTRON S.A.,-,-,-
TANGLER,TANGLER GROUP S.R.L.,-,-,-
TANGOMA,TANGOMA S.R.L.,-,-,-
TECNOPEG,BAHIA NELIDA CRISTINA Y GOMEZ BAHIA GABRIELA FERNANDA S.H.,-,-,-
TER,TER APLICACIONES ESPECIALES S.R.L.,-,-,-
TIENDA DE CARDAN,TIENDA DE CARDAN S.A.,-,-,-
TODO UNION,MARCHESANO ALEJANDRA GABRIELA,-,-,-
TOFEMA,TOFEMA S.A.,-,-,-
TORMECAN,TORMECAN S.A.,-,-,-
TRANSMISIONES GALICIA,TRANSMISIONES GALICIA,-,-,-
TRV,TRV ECOLOGICO S.R.L.,-,-,-
TRV,TRAVERSO CLAUDIO DANIEL,-,-,-
TRYTECH,TRYTECH S.R.L.,-,-,-
TUTHILL,REP TEC SUDAMERICANA S.R.L.,-,-,-
UDOR,UDOR ARGENTINA S.A.,-,-,-
ULTRACOLOR,ULTRACOLOR S.A.,-,-,-
VACIO PONT,VACIO PONT S.R.L.,-,-,-
VAL ARG,VAL ARG S.R.L.,-,-,-
VALVULAS ESTEBAN,ABELARDO ESTEBAN,-,-,-
VENETO,TECVENETO CHECK S.R.L.,-,-,-
VICALI,VICALI S.R.L.,-,-,-
VTM,V.T.M. TRANSMISIONES S.A.,-,-,-
WACKER,AYIMIC S.R.L.,-,-,-
WACKER ,WACKER HERRAMIENTAS S.R.L.,-,-,-
WURTH,WURTH ARGENTINA S.A.,-,-,-
YACCUZZI,PROTEC TURBO S.A.,-,-,-
ZALOZE,ACCESORIOS ZALOZE S.R.L.,-,-,-
2MT,2MT,-,-,-
ACCEPLASTIC,ACCEPLASTIC,-,-,-
ACERO LOMAS,ACERO LOMAS,-,-,-
ACO FLEX,ACO FLEX,-,-,-
ACOPLADOS PETINARI,ACOPLADOS PETINARI,-,-,-
ACOPLES SANCHEZ,ACOPLES SANCHEZ,-,-,-
ACRILICOS ARTE,ACRILICOS ARTE,-,-,-
ACSA,ACSA,-,-,-
ADORNO GUILLERMO JAVIER,ADORNO GUILLERMO JAVIER,-,-,-
AGUA PARICE,AGUA PARICE,-,-,-
AGUAYO,AGUAYO,-,-,-
AIR BLAST,AIR BLAST,-,-,-
ALAMBRES RUMBOS,ALAMBRES RUMBOS,-,-,-
APERAM,APERAM,-,-,-
ARANA,ARANA,-,-,-
ARGEC SA,ARGEC SA,-,-,-
ARGENGAS GROUP,ARGENGAS GROUP,-,-,-
ARGENTEC,ARGENTEC,-,-,-
ARIGOM,ARIGOM,-,-,-
ARRIOLA,ARRIOLA,-,-,-
ASTIVIA,ASTIVIA,-,-,-
AURELIA,AURELIA,-,-,-
AUSA,AUSA,-,-,-
AUTOMACION ARGENTINA,AUTOMACION ARGENTINA,-,-,-
AUTOSUR,AUTOSUR,-,-,-
AVEDIS,AVEDIS,-,-,-
BAIML,BAIML,-,-,-
BAIRES,BAIRES,-,-,-
BALANCEO DIEGO,BALANCEO DIEGO,-,-,-
BALIO,BALIO,-,-,-
BANCU,BANCU,-,-,-
BARRIOS CURBELO SANDRA JANET,BARRIOS CURBELO SANDRA JANET,-,-,-
BEARINGS,BEARINGS,-,-,-
BERKO,BERKO,-,-,-
BLUECAR,BLUECAR,-,-,-
BOMBAS PUENTE,BOMBAS PUENTE,-,-,-
BULL VIAL,BULL VIAL,-,-,-
BULONERA MIAN,BULONERA MIAN,-,-,-
BULONES BROWN,BULONES BROWN,-,-,-
BULONES COIRO,BULONES COIRO,-,-,-
BURGOM,BURGOM,-,-,-
CARBALLO,CARBALLO,-,-,-
CARDENUTO,CARDENUTO,-,-,-
CASA CANO,CASA CANO,-,-,-
CASABLANCA,CASABLANCA,-,-,-
CERSOSIMO,CERSOSIMO,-,-,-
CESKIAVIKUS JORGE ROBERTO,CESKIAVIKUS JORGE ROBERTO,-,-,-
CHEMPO COMPANY,CHEMPO COMPANY,-,-,-
CHEVRO GUILLON,CHEVRO GUILLON,-,-,-
CINGOLANI,CINGOLANI,-,-,-
COINGAS,COINGAS,-,-,-
COMPRESORES TEMPERLEY,COMPRESORES TEMPERLEY,-,-,-
CONSTRUMUNDO,CONSTRUMUNDO,-,-,-
CYLGEM,CYLGEM,-,-,-
DACI,DACI,-,-,-
DALIS,DALIS,-,-,-
DANIEL SALINAS,DANIEL SALINAS,-,-,-
DEELS,DEELS,-,-,-
DI GILIO,DI GILIO,-,-,-
DI PRIMO,DI PRIMO,-,-,-
DIAZ KARINA HAYDEE,DIAZ KARINA HAYDEE,-,-,-
DICA,DICA,-,-,-
DISTRIBUIDORA BAUDA,DISTRIBUIDORA BAUDA,-,-,-
DISTRIBUIDORA DIEZ,DISTRIBUIDORA DIEZ,-,-,-
DISTRIBUIDORA VIP,DISTRIBUIDORA VIP,-,-,-
DISTROPAR,DISTROPAR,-,-,-
DISTRUIBUIDORA DE REPUESTOS PESADOS,DISTRUIBUIDORA DE REPUESTOS PESADOS,-,-,-
ECONOVO,ECONOVO,-,-,-
EL CERROJO,EL CERROJO,-,-,-
EL PIONERO,EL PIONERO,-,-,-
EL REGISTRADOR,EL REGISTRADOR,-,-,-
EL RUTERIO,EL RUTERIO,-,-,-
ELECTRO TRAILER,ELECTRO TRAILER,-,-,-
ELECTROMECANICA SUR,ELECTROMECANICA SUR,-,-,-
ENCOMIENDA ANDREANI,ENCOMIENDA ANDREANI,-,-,-
ESTACION BIG BLUE,ESTACION BIG BLUE,-,-,-
EXUBARA,EXUBARA,-,-,-
EXUBARA AUTOPARTES,EXUBARA AUTOPARTES,-,-,-
FABIO,FABIO,-,-,-
FABIO LEON,FABIO LEON,-,-,-
FERREMAX,FERREMAX,-,-,-
FERRETERIA FH,FERRETERIA FH,-,-,-
FERRETERIA INDUSTRIAL MARIOTTO S.R.L.,FERRETERIA INDUSTRIAL MARIOTTO S.R.L.,-,-,-
FERRETERIA MARIOTTO,FERRETERIA MARIOTTO,-,-,-
FERRETERIA NEPA,FERRETERIA NEPA,-,-,-
FERRETERIA SAN LUIS,FERRETERIA SAN LUIS,-,-,-
FERRIN,FERRIN,-,-,-
FOURCADE,FOURCADE,-,-,-
FRANCO LUCAS MARTIN,FRANCO LUCAS MARTIN,-,-,-
FRANTEXTIL,FRANTEXTIL,-,-,-
FRENOS MONTEVERDE,FRENOS MONTEVERDE,-,-,-
GALPA,GALPA,-,-,-
GEC,GEC,-,-,-
GIANNONI,GIANNONI,-,-,-
GONZALEZ SOTO SH,GONZALEZ SOTO SH,-,-,-
GRAFICA EL TOKE,GRAFICA EL TOKE,-,-,-
GRUPO EMETRES INSUMOS S.R.L.,GRUPO EMETRES INSUMOS S.R.L.,-,-,-
HELOU,HELOU,-,-,-
HERRAJES TURRIN,HERRAJES TURRIN,-,-,-
HERRATURR,HERRATURR,-,-,-
HIDRAULICA LONGCHAMPS,HIDRAULICA LONGCHAMPS,-,-,-
HIDRONOVA,HIDRONOVA,-,-,-
HIERROFE,HIERROFE,-,-,-
HIERROS CASANOVA,HIERROS CASANOVA,-,-,-
HIERROS MORELLI,HIERROS MORELLI,-,-,-
HIERROTAN,HIERROTAN,-,-,-
HIZA,HIZA,-,-,-
HN INGENIERIA,HN INGENIERIA,-,-,-
HOSE & FITTINGS S.A,HOSE & FITTINGS S.A,-,-,-
ILFRA,ILFRA,-,-,-
ILUZ,ILUZ,-,-,-
IM INDUSTRIAS S.R.L,IM INDUSTRIAS S.R.L,-,-,-
INDRIERI LEANDRO MAXIMILIANO,INDRIERI LEANDRO MAXIMILIANO,-,-,-
INDUSELL,INDUSELL,-,-,-
INOXIDABLES PIERRI,INOXIDABLES PIERRI,-,-,-
INSUMA SUR,INSUMA SUR,-,-,-
INTERNET,INTERNET,-,-,-
ITALPREN,ITALPREN,-,-,-
IVECAM,IVECAM,-,-,-
JCD,JCD,-,-,-
JMH,JMH,-,-,-
JORGE CD KOT,JORGE CD KOT,-,-,-
KELCOT,KELCOT,-,-,-
KORMAT,KORMAT,-,-,-
LENOX TANYX,LENOX TANYX,-,-,-
LIDERES,LIDERES,-,-,-
LOS PORTUGUESES,LOS PORTUGUESES,-,-,-
LUBRICENTRO RUTA,LUBRICENTRO RUTA,-,-,-
LUGANO LUBRICENTRO,LUGANO LUBRICENTRO,-,-,-
MACEGO,MACEGO,-,-,-
MANUFACTURAS DAVIO S.R.L.,MANUFACTURAS DAVIO S.R.L.,-,-,-
MAQUA TOOLS,MAQUA TOOLS,-,-,-
MAQUITOOLS,MAQUITOOLS,-,-,-
MARBY,MARBY,-,-,-
MARSIGLIONE ANTONIO LUIS,MARSIGLIONE ANTONIO LUIS,-,-,-
MATAFUEGOS EZEIZA,MATAFUEGOS EZEIZA,-,-,-
MECAFER,MECAFER,-,-,-
MECANSUR,MECANSUR,-,-,-
MERCEDES BENZ,MERCEDES BENZ,-,-,-
MERCOSIL,MERCOSIL,-,-,-
METALCONF,METALCONF,-,-,-
METALURGICA GABRIELLI,METALURGICA GABRIELLI,-,-,-
METALURGICA PENALVA HNOS. S.A.,METALURGICA PENALVA HNOS. S.A.,-,-,-
MICRO,MICRO,-,-,-
MOCONA,MOCONA,-,-,-
MONSTER TOOLS,MONSTER TOOLS,-,-,-
MONTEGRANDE SERVICIOS MGW S.A,MONTEGRANDE SERVICIOS MGW S.A,-,-,-
MORAN IVANA LORENA,MORAN IVANA LORENA,-,-,-
MORON GOMA,MORON GOMA,-,-,-
MULTIKNO,MULTIKNO,-,-,-
NEPOTE,NEPOTE,-,-,-
NEW CLEVERS,NEW CLEVERS,-,-,-
NEW GAS,NEW GAS,-,-,-
OESTE GASES,OESTE GASES,-,-,-
ONISZCZUK ALBERTO,ONISZCZUK ALBERTO,-,-,-
ONTEX FORTINOX,ONTEX FORTINOX,-,-,-
OPORTO PABLO ALFREDO,OPORTO PABLO ALFREDO,-,-,-
ORGANIZACION SD,ORGANIZACION SD,-,-,-
PAPELERA JUAN XXII,PAPELERA JUAN XXII,-,-,-
PATRACAS,PATRACAS,-,-,-
PEM NEORED,PEM NEORED,-,-,-
PENTRON,PENTRON,-,-,-
PESADO TODO,PESADO TODO,-,-,-
PETROPOLIS,PETROPOLIS,-,-,-
PIERRINOX,PIERRINOX,-,-,-
PIJUAN,PIJUAN,-,-,-
PINTURERIA SERRENTINO,PINTURERIA SERRENTINO,-,-,-
PISOMETAL,PISOMETAL,-,-,-
PLASMA CONTROL,PLASMA CONTROL,-,-,-
PREGOM,PREGOM,-,-,-
PROVEEDURIA HIDRAULICA,PROVEEDURIA HIDRAULICA,-,-,-
PROVIN,PROVIN,-,-,-
Q10 QUIMICA,Q10 QUIMICA,-,-,-
QUIMWEY,QUIMWEY,-,-,-
RAPP CLAUDIO FABIAN,RAPP CLAUDIO FABIAN,-,-,-
REPICKY,REPICKY,-,-,-
REPUESTOS LLAVALLOL,REPUESTOS LLAVALLOL,-,-,-
REPUESTOS SANKAR,REPUESTOS SANKAR,-,-,-
REVICAR SA,REVICAR SA,-,-,-
RIVADAVIA REPUESTOS,RIVADAVIA REPUESTOS,-,-,-
RIZZOTTO,RIZZOTTO,-,-,-
ROBERTO JOSE HELOU,ROBERTO JOSE HELOU,-,-,-
ROSSI,ROSSI,-,-,-
RUBINETTI,RUBINETTI,-,-,-
RUIZ DIAZ RAUL MARTIN,RUIZ DIAZ RAUL MARTIN,-,-,-
RVS,RVS,-,-,-
SANCHEZ GASTON RAUL,SANCHEZ GASTON RAUL,-,-,-
SANCHEZ HORACIO HECTOR,SANCHEZ HORACIO HECTOR,-,-,-
SANITARIOS ADRIANA,SANITARIOS ADRIANA,-,-,-
SANITARIOS VIAMONTE,SANITARIOS VIAMONTE,-,-,-
SARABIA MARIO FABIAN,SARABIA MARIO FABIAN,-,-,-
SCANIA,SCANIA,-,-,-
SELLADORES Y PEGAMENTOS SAN JOSE,SELLADORES Y PEGAMENTOS SAN JOSE,-,-,-
SENEN DIEGO LORENZO ALBERT,SENEN DIEGO LORENZO ALBERT,-,-,-
SIRIO MATAFUEGOS,SIRIO MATAFUEGOS,-,-,-
SISTEMA INTEGRAL DEL AUTOMOVIL,SISTEMA INTEGRAL DEL AUTOMOVIL,-,-,-
SOCAM COOPERATIVA DE TRABAJO LIMITADA,SOCAM COOPERATIVA DE TRABAJO LIMITADA,-,-,-
SOLBEMT,SOLBEMT,-,-,-
SP ACCESORIOS,SP ACCESORIOS,-,-,-
STOCCO,STOCCO,-,-,-
STORANI,STORANI,-,-,-
TAGLIANI REPUESTOS,TAGLIANI REPUESTOS,-,-,-
TANGLER,TANGLER,-,-,-
TANGOMA,TANGOMA,-,-,-
TECNOPEG,TECNOPEG,-,-,-
TER,TER,-,-,-
TIENDA DE CARDAN,TIENDA DE CARDAN,-,-,-
TODO UNION,TODO UNION,-,-,-
TOFEMA,TOFEMA,-,-,-
TORMECAN,TORMECAN,-,-,-
TRANSMISIONES GALICIA,TRANSMISIONES GALICIA,-,-,-
TRV,TRV,-,-,-
TRYTECH,TRYTECH,-,-,-
TUTHILL,TUTHILL,-,-,-
UDOR,UDOR,-,-,-
ULTRACOLOR,ULTRACOLOR,-,-,-
VACIO PONT,VACIO PONT,-,-,-
VAL ARG,VAL ARG,-,-,-
VALVULAS ESTEBAN,VALVULAS ESTEBAN,-,-,-
VENETO,VENETO,-,-,-
VENTURI,VENTURI,-,-,-
VICALI SRL,VICALI SRL,-,-,-
VTM,VTM,-,-,-
WACKER,WACKER,-,-,-
WURTH,WURTH,-,-,-
YACCUZZI,YACCUZZI,-,-,-
ZALOZE,ZALOZE,-,-,-
ZZTEST,ZZTEST,-,-,-


